Name, Website Name, Price 
itel S15 Pro, Not Found, Not Found
itel A48, itel A48, Rs. 11999
itel Vision 1, itel Vision 1 Pro 3GB, Rs. 14999
itel P36 Pro LTE, Not Found, Not Found
itel A25, itel A25 Pro, Rs. 9499
itel A14 Max, itel A14 Max, Rs. 4650
itel , itel Vision 2, Rs. 15999
itel Vision 1 Pro, itel Vision 1 Pro 3GB, Rs. 14999
itel A23 Pro, itel A23 Pro, Rs. 7299
itel A33, Not Found, Not Found
itel A26, Not Found, Not Found
itel A25 Pro, itel A25 Pro, Rs. 9499
itel A35, Not Found, Not Found
itel A56 Pro, Not Found, Not Found
itel A36, itel A36, Rs. 8499
ZTE Tough Max 2 LTE, Not Found, Not Found
ZTE Mono, Not Found, Not Found
ZTE Blade V8 Pro, Not Found, Not Found
ZTE Nubia Z17 Lite, ZTE nubia Z17 lite, NA
ZTE Axon mini, Not Found, Not Found
ZTE Nubia M2 Lite, Not Found, Not Found
ZTE Prestige 2, Not Found, Not Found
ZTE Axon 7 Mini, Not Found, Not Found
ZTE Blade T2 Lite, Not Found, Not Found
ZTE Blade V8, Not Found, Not Found
ZTE Trek 2 HD, Not Found, Not Found
ZTE Atrium, Not Found, Not Found
ZTE Avid Plus, Not Found, Not Found
ZTE Blade V10, ZTE Blade V10 Vita,29999
ZTE Olympia, Not Found, Not Found
ZTE ZMax Pro, Not Found, Not Found
ZTE BLADE A6, ZTE Blade A601, NA
ZTE nubia Red Magic 5G, ZTE nubia Red Magic 5G,139999
ZTE Z17 Mini, Not Found, Not Found
ZTE Grand X 4, Not Found, Not Found
ZTE Axon 7, Not Found, Not Found
ZTE Zmax Champ, Not Found, Not Found
ZTE Blade A7 Prime, ZTE Blade A7 Prime,16999
ZTE Zmax 2, Not Found, Not Found
ZTE Grand X 3, Not Found, Not Found
ZTE Grand X view 2, ZTE Grand X View 2, NA
ZTE Grand X Max 2, Not Found, Not Found
ZTE MONO MO-01J, Not Found, Not Found
ZTE Blade Vantage, Not Found, Not Found
ZTE Blade V8 Mini, Not Found, Not Found
ZTE Dave, Not Found, Not Found
ZTE Overture 3, Not Found, Not Found
ZTE Blade Z Max, ZTE Blade Z Max, NA
ZTE nubia M2, ZTE Nubia M2 Play,18999
ZTE Blade V Smart, Not Found, Not Found
ZTE Blate V7 Lite, Not Found, Not Found
ZTE V7 Max, Not Found, Not Found
ZTE Nubia N2, Not Found, Not Found
Yota Devices YotaPhone 2, Not Found, Not Found
Xiaomi Redmi 9A, Xiaomi Redmi 9A, Rs. 14599
Xiaomi Redmi 2, Xiaomi Redmi 2 Prime, NA
Xiaomi Redmi Note 10, Xiaomi Redmi Note 10S 8GB, Rs. 39999
Xiaomi Redmi Note 4G, Not Found, Not Found
Xiaomi Black Shark 3 Pro 5G, Not Found, Not Found
Xiaomi Poco X3, Xiaomi Poco X3 Pro 8GB, Rs. 47999
Xiaomi Redmi 9C, Xiaomi Redmi 9C 3GB, Rs. 17999
Xiaomi Redmi K40, Xiaomi Redmi K40 Gaming,39999
Xiaomi Poco F3, Xiaomi Poco F3 8GB, Rs. 65999
Xiaomi Redmi 9, Xiaomi Redmi 9T 64GB, Rs. 25999
Xiaomi Black Shark 3, Xiaomi Black Shark 3s,156000
Xiaomi Poco X3 NFC, Not Found, Not Found
Xiaomi Black Shark 2, Xiaomi Black Shark 2,53999
Xiaomi Redmi Note 10 Pro, Xiaomi Redmi Note 10 Pro 8GB, Rs. 47999
Xiaomi Black Shark, Xiaomi Black Shark 4,89000
Xiaomi Mi 10 Lite 5G, Not Found, Not Found
Xiaomi Black Shark 2 Pro, Not Found, Not Found
Xiaomi Mi 10 Ultra, Xiaomi Mi 10 Ultra,175999
Xiaomi Redmi Note 10 5G, Xiaomi Redmi Note 10 5G 6GB, Rs. 35999
Xiaomi Redmi 9 Power, Not Found, Not Found
Xiaomi Mi 10T Lite, Xiaomi Mi 10T Lite, Rs. 49999
Xiaomi Redmi Note 2, Xiaomi Redmi Note 20 Pro,70000
Xiaomi Redmi, Xiaomi Redmi Note 10S 8GB, Rs. 39999
Xiaomi Mi 10T Pro 5G, Not Found, Not Found
Xiaomi Mi 11 Ultra, Xiaomi Mi 11 Ultra,149999
Xiaomi Mi 11 Lite, Xiaomi Mi 11 Lite, Rs. 43999
Xiaomi Redmi 9i, Not Found, Not Found
Xiaomi Mi Mix, Xiaomi Mi Mix Alpha,405000
Xiaomi Redmi Note 9, Xiaomi Redmi Note 9S 4GB, Rs. 36999
Xiaomi Redmi 1S, Xiaomi Redmi 1S, NA
Xiaomi Redmi 9T, Xiaomi Redmi 9T 64GB, Rs. 25999
Xiaomi Mi Mix 2, Xiaomi Mi Mix 2S,70000
Xiaomi Poco X3 Pro, Xiaomi Poco X3 Pro 8GB, Rs. 47999
Xiaomi POCO M3, Xiaomi Poco M3 Pro, Rs. 32999
Xiaomi Redmi 3, Xiaomi Redmi 3x, NA
Xiaomi Mi 10T 5G, Not Found, Not Found
Wiko View4, Not Found, Not Found
Wiko View3, Not Found, Not Found
Wiko Y60, Not Found, Not Found
Wiko View 3 Lite, Not Found, Not Found
Wiko Life, Not Found, Not Found
Wiko Sunny2 Plus, Not Found, Not Found
Wiko Lenny 5, Not Found, Not Found
Wiko Lenny 3, Not Found, Not Found
Wiko View Max, Not Found, Not Found
Wiko View3 Lite, Not Found, Not Found
Wiko View2 Pro, Not Found, Not Found
Wiko Fever 4G, Not Found, Not Found
Wiko Y61, Not Found, Not Found
Wiko Y80, Not Found, Not Found
Vodafone Smart ultra 7, Vodafone Smart ultra 7, NA
Vodafone Smart E8, Vodafone Smart E8, NA
Vodafone Smart Speed 6, Not Found, Not Found
Vodafone Smart Platinum 7, Vodafone Smart Platinum 7, NA
Vivo Y19, Vivo Y19,29999
Vivo X20 Plus, Vivo X20 Plus UD,83500
Vivo Y93s, Not Found, Not Found
Vivo V15, Vivo V15,39999
Vivo S7e 5G, Not Found, Not Found
Vivo V11 Pro, Vivo V11 Pro,53999
Vivo V7, Vivo v7,24999
Vivo S1, Vivo S1 4GB, Rs. 35999
Vivo Y15, vivo Y15,25999
Vivo Y3, Vivo Y31, Rs. 31999
Vivo Y50, Vivo Y50s,75000
Vivo Y85, Not Found, Not Found
Vivo Y12, Vivo Y12s, Rs. 19999
Vivo Y55s, Vivo Y55s,16999
Vivo Z5x, Vivo Z5x 2020,31999
Vivo Y20s G, Not Found, Not Found
Vivo Y73, Not Found, Not Found
Vivo V17, Vivo V17,54999
Vivo U1, vivo U10,30000
Vivo Y83, Vivo Y83,37900
Vivo NEX Dual Display, Vivo NEX Dual Display,105999
Vivo Y91I, Not Found, Not Found
Vivo Xshot Ultimate, Not Found, Not Found
Vivo V9, Vivo V9 Youth,27999
Vivo iQOO U3, Not Found, Not Found
Vivo NEX 3 5G, Not Found, Not Found
Vivo V11, Vivo V11i,31000
Vivo Y81, Vivo Y81i,20999
Vivo Y12s, Vivo Y12s, Rs. 19999
Vivo V5 Lite, Not Found, Not Found
Vivo V20 2021, Vivo V20 2021,51599
Vivo Y69, Vivo Y69,30300
Vivo S1 (China), Not Found, Not Found
Vivo Y97, Not Found, Not Found
Vivo V5 Plus, Not Found, Not Found
Vivo V15 Pro, Vivo V15 Pro,59999
Vivo V9 Pro, Not Found, Not Found
"Vivo ""Y51 (2020", Not Found, Not Found
Vivo Y20G, Vivo Y20G,32999
Vivo Y20, Vivo Y20 2021, Rs. 25999
Vivo Y20 2021, Vivo Y20 2021, Rs. 25999
Vivo Y1s, Vivo Y1s, Rs. 15999
Vivo X60 Pro, Vivo X60 Pro, Rs. 129999
Vivo V19, Vivo V19 Neo,40000
Vivo S1 Pro, Vivo S1 Pro, Rs. 39999
Vivo iQOO 5 5G Premium Edition, Not Found, Not Found
Vivo Y71, Vivo Y71,19999
Vivo Y81S, Not Found, Not Found
Vivo Y95, Vivo Y95,31999
Vivo V5, vivo V5s,26999
Vivo X21, Vivo X21S,54500
Vivo Y30, Vivo Y30 128GB, Rs. 29999
Vivo NEX (Ultra FullView Display), Not Found, Not Found
Vivo Y25, vivo Y25,23000
Vivo V17 Pro, vivo V17 Pro,66999
Vivo Y91, Vivo Y91D,15999
Vivo Y31, Vivo Y31, Rs. 31999
Vivo Y93, Vivo Y93,22999
Vivo Y91C, vivo y91c,16999
Vivo V20, Vivo V20, Rs. 54999
Vivo X27, Vivo X27 Pro,48000
Vivo Y17, Vivo Y17, Rs. 33999
Vivo Y90, Vivo Y90,15999
Vivo Y11 (2019), vivo Y11 (2019),22999
Vivo Y81i, Vivo Y81i,20999
Vivo X60 5G, Not Found, Not Found
Vivo Z5, Vivo Z5x 2020,31999
Vivo Y51A, Vivo Y51a,39999
Vivo X23, Vivo X23,75900
Vivo V5s, vivo V5s,26999
Vivo V7 Plus, Vivo V7 Plus,35999
Vivo V20 SE, Vivo V20 SE, Rs. 41999
Vivo V9 Youth, Vivo V9 Youth,27999
Vivo Z3, Vivo Z3x,29999
Vivo X50 Pro, Vivo X50 Pro Plus,118999
Verizon Ellipsis 8, Not Found, Not Found
Verizon Ellipsis 10 HD, Not Found, Not Found
Tecno Pouvoir 3 Air, TECNO Pouvoir 3 Air,11000
Tecno Camon X, Tecno Camon X Pro,28999
Tecno Spark Go, Tecno Spark Go, Rs. 12499
Tecno Camon i4, Tecno Camon i4,22499
Tecno Camon 11, Tecno camon 11 pro,29999
Tecno SPARK Plus, Not Found, Not Found
Tecno Spark Power 2, Not Found, Not Found
Tecno Camon i Ace, Tecno Camon I ACE,13999
Tecno Spark 5 Air, Tecno Spark 5 Air,14499
Tecno Phantom 9, Tecno Phantom 9,34999
Tecno W5, Not Found, Not Found
Tecno Spark 6 Go, Tecno Spark 6 Go 4GB, Rs. 17499
Tecno Spark 3 Pro, TECNO Spark 3 Pro,14000
Tecno Camon 12 Pro, Tecno camon 12 pro,24999
Tecno Pova, Tecno Pova, Rs. 23500
Tecno Spark 4 Air, Not Found, Not Found
Tecno Camon 15 Premier, Not Found, Not Found
Tecno Spark 6, Tecno Spark 6 Go 4GB, Rs. 17499
Tecno Spark 5, Tecno Spark 5 Pro,18239
Tecno Camon CM, Not Found, Not Found
Tecno POP2, Not Found, Not Found
Tecno Camon 16, Tecno Camon 16 SE, Rs. 26999
Tecno Camon CX Air, Tecno Camon CX Air,15990
Tecno Camon 12, Tecno camon 12 pro,24999
Tecno Spark 6 Air, Not Found, Not Found
Tecno POP 2F, Not Found, Not Found
Tecno Spark 4 Lite, TECNO Spark 4 Lite,13499
Tecno Camon 16 Pro, Tecno Camon 16 Pro, Rs. 29999
Tecno Camon X Pro, Tecno Camon X Pro,28999
Tecno Pop 4, Tecno Pop 4, Rs. 12999
Tecno POP 3, Tecno Pop 3, Rs. 8999
Tecno Camon iSky 2, Tecno Camon iSky 2,16799
Tecno Camon I Air, Tecno Camon i Air,17699
Tecno Camon 15, Tecno Camon 15 Pro,27999
Tecno DroiPad 7D, Not Found, Not Found
Tecno Camon 15 Pro, Tecno Camon 15 Pro,27999
Tecno Spark Go 2020, Not Found, Not Found
Tecno Camon I, TECNO Camon iACE2X,14000
Tecno Spark 4, TECNO Spark 4 Lite,13499
Tecno Camon 16 Premier, Tecno Camon 16 Premier, Rs. 39999
Tecno Pop 4 Pro, Not Found, Not Found
Tecno Tecno Camon i Sky 3, Not Found, Not Found
Tecno Camon iAce2, TECNO Camon iACE2X,14000
Tecno Pouvoir 2, Not Found, Not Found
Tecno Pop 2 Plus, Not Found, Not Found
TG & Company Luna S, Not Found, Not Found
TCL 10 pro, TCL 10 Pro,69999
TCL 10 SE, TCL 10 SE, RS
TCL 10L, TCL 10L,37999
TCL 10 Plus, TCL 10 Plus, RS
T-Mobile Revvl, Not Found, Not Found
T-Mobile HTC Sappire, Not Found, Not Found
SonyEricsson Xperia Z, Not Found, Not Found
SonyEricsson Xperia P LT22i, Not Found, Not Found
SonyEricsson Xperia Arc HD, Not Found, Not Found
Sony Xperia X Compact, Sony Xperia X Compact, Rs. 47700
Sony Xperia Z3 Dual, Not Found, Not Found
Sony Xperia L1, Sony Xperia L1, Rs. 16500
Sony Xperia XZ Premium, Sony Xperia XZ Premium, Rs. 71999
Sony Xperia Z1, Sony Xperia Z1s, NA
Sony Xperia 1, Sony Xperia 1 III,200700
Sony XA2 Plus, Not Found, Not Found
Sony Xperia Z2 Tablet, Not Found, Not Found
Sony Xperia M2 Aqua, Sony Xperia M2 Aqua, NA
Sony Hayabusa, Not Found, Not Found
Sony XZ1, Not Found, Not Found
Sony Xperia 1 II, Sony Xperia 1 III,200700
Sony Xperia Z3+, Sony Xperia Z3+ Dual, NA
Sony Xperia XZs, Sony Xperia XZs, Rs. 51500
Sony Xperia E3, Sony Xperia E3, NA
Sony Xperia 5, Sony Xperia 5 Plus, NA
Sony Xperia M2 Dual, Not Found, Not Found
Sony Xperia X Performance, Sony Xperia X Performance, Rs. 48999
Sony Xperia Z5 Compact, Sony Xperia Z5 Compact, Rs. 41999
Sony Xperia Z4/Z3+ Dual, Not Found, Not Found
Sony Xperia M5, Sony Xperia M5, Rs. 25500
Sony DoCoMo tablet Xperia Z2 Tablet, Not Found, Not Found
Sony Xperia Z2, Sony Xperia Z2a, NA
Sony Xperia XZ3, Sony Xperia XZ3 Premium,50000
Sony Xperia Z5 Premium, Sony Xperia Z5 Premium, Rs. 44499
Sony Xperia XZ2, Sony Xperia XZ2 Premium,137000
Sony Xperia E5, Sony Xperia E5, NA
Sony Xperia Z5 Premium Dual, Not Found, Not Found
Sony Xperia XA, Sony Xperia XA2 Ultra, Rs. 48999
Sony Xperia 8, Sony Xperia 8,81999
Sony Xperia XA2, Sony Xperia XA2 Ultra, Rs. 48999
Sony Xperia L, Sony Xperia L2, Rs. 27999
Sony Xperia ZR, Sony Xperia ZR, NA
Sony Xperia Z1 f SO-02F for DoCoMo, Not Found, Not Found
Sony Xperia XA1 Plus, Sony Xperia XA1 Plus, Rs. 32999
Sony Xperia feat. HATSUNE MIKU SO-04E for DoCoMo, Not Found, Not Found
Sony Xperia M2, Sony Xperia M2 Aqua, NA
Sony Xperia Z1 SO-01F for DoCoMo, Not Found, Not Found
Sony Xperia L3, Sony Xperia L3,31999
Sony Xperia Z SO-02E for DoCoMo, Not Found, Not Found
Sony Xperia A4, Not Found, Not Found
Sony Xperia XZ2 Premium, Sony Xperia XZ2 Premium,137000
Sony Xperia SP, Sony Xperia SP, NA
Sony Xperia E4, Sony Xperia E4 Dual,14399
Sony Xperia M4 Aqua Dual, Not Found, Not Found
Sony Xperia XZ1, Sony Xperia XZ1, Rs. 63999
Sony Xperia 10 Plus, Sony Xperia 10 Plus,67999
Sony Xperia Z3, Sony Xperia Z3+ Dual, NA
Sony Xperia XA1, Sony Xperia XA1 Plus, Rs. 32999
Sony Xperia M, Sony Xperia M5, Rs. 25500
Sony Xperia X, Sony Xperia XA2 Ultra, Rs. 48999
Sony Xperia 10, Sony Xperia 10.1 Plus,220000
Sony Xperia 5 II, Not Found, Not Found
Sony Xperia Z Ultra, Sony Xperia Z Ultra, NA
Sony Xperia Z5 Dual, Sony Xperia Z5 Dual,39999
Sony Xperia Z4, Not Found, Not Found
Sony XZ Premium, Not Found, Not Found
Sony Xperia XZ, Sony Xperia XZ1, Rs. 63999
Sony Z5 Premium, Not Found, Not Found
Sony Xperia Z3 Compact, Sony Xperia Z3 Compact, NA
Sony Xperia XA Ultra, Sony Xperia XA Ultra, Rs. 33499
Sony C5 Ultra Dual, Not Found, Not Found
Sony Xperia L2, Sony Xperia L2, Rs. 27999
Sony Xperia T2 Ultra, Sony Xperia T2 Ultra, NA
Sony XZ2 Premium, Not Found, Not Found
Sony Xperia XZ1 Compact, Sony Xperia XZ1 Compact,62400
Sony Xperia XA2 Ultra, Sony Xperia XA2 Ultra, Rs. 48999
Sony Xperia Z4 Tablet WiFi, Not Found, Not Found
Sony Xperia C3, Sony Xperia C3 Dual, NA
Sony Xperia Z1 SOL23 for KDDI, Not Found, Not Found
Sony Xperia Z5, Sony Xperia Z5 Compact, Rs. 41999
Sony Xperia Z2 SO-03F for DoCoMo, Not Found, Not Found
Sony Xperia M4 Aqua, Sony Xperia M4 Aqua, NA
Sony Xperia Z1 Compact, Sony Xperia Z1 Compact, NA
Softbank Aquos Phone XX, Not Found, Not Found
Softbank Aquos, Not Found, Not Found
Softbank AQUOS PHONE Xx, Not Found, Not Found
Softbank Aquos Phone XX Mini, Not Found, Not Found
SoftBank Aquos XX3, Not Found, Not Found
SoftBank Aquos Hybrid, Not Found, Not Found
Sharp Aquos Compact, Not Found, Not Found
Sharp Aquos Phone EX, Not Found, Not Found
Sharp Aquos Serie, Not Found, Not Found
Sharp Disney Mobile on docomo SH-05F for DoCoMo, Not Found, Not Found
Sharp AQUOS SERIE mini, Not Found, Not Found
Sharp Aquos Serie Mini (2017), Not Found, Not Found
Sharp Aquos Pad, Not Found, Not Found
Sharp Xx2 Mini, Not Found, Not Found
Sharp AQUOS R2, Sharp Aquos R2 compact,79999
Sharp Aquos 507SH, Not Found, Not Found
Sharp Xx2, Not Found, Not Found
Sharp Aquos Xx, Not Found, Not Found
Sharp Aquos R Compact, Not Found, Not Found
Sharp Aquos Zeta, Not Found, Not Found
Sharp Disney Mobile SH-02G, Not Found, Not Found
Sharp AQUOS PHONE ZETA SH-02E for DoCoMo, Not Found, Not Found
Sharp AQUOS PHONE ZETA SH-06E for DoCoMo, Not Found, Not Found
Sharp AQUOS PHONE EX SH-04E for DoCoMo, Not Found, Not Found
Sharp Aquos R2, Sharp Aquos R2 compact,79999
Sharp AQUOS Zero, Sharp Aquos Zero,10999
Sharp Aquos R3, Not Found, Not Found
Sharp AQUOS R2 compact, Sharp Aquos R2 compact,79999
Sharp AQUOS R, Sharp Aquos R5G,77999
Sharp Aquos Sense, Not Found, Not Found
Sharp Aquos S3 mini, Not Found, Not Found
Sharp S7, Not Found, Not Found
Sharp Android One S3, Not Found, Not Found
Sharp AQUOS R3, Not Found, Not Found
Sharp Aquos Xx3 Mini, Not Found, Not Found
Sharp Aquos Crystal 2, Not Found, Not Found
Sharp AQUOS PHONE SERIE SHL22 for KDDI, Not Found, Not Found
Sharp Aquos S3, Not Found, Not Found
Sharp Disney Mobile, Not Found, Not Found
Sharp AQUOS PHONE SERIE mini SHL24 for KDDI, Not Found, Not Found
Sharp AQUOS R Compact, Not Found, Not Found
Sharp AQUOS PHONE Xx 203SH for Softbank, Not Found, Not Found
Sharp Aquos M1, Not Found, Not Found
Sharp Aquos U, Not Found, Not Found
Sharp Aquos Ever, Not Found, Not Found
Sharp AQUOS SENSE2, Not Found, Not Found
Samsung Galaxy A51, Samsung Galaxy A51 8GB, Rs. 54999
Samsung Galaxy C9 Pro, Samsung Galaxy C9 Pro,41749
Samsung Galaxy A2 Core, Samsung Galaxy A2 Core, Rs. 14999
Samsung Galaxy S5 Active, Samsung Galaxy S5 Active, NA
Samsung Galaxy Tab S7+, Not Found, Not Found
Samsung Galaxy Note 10.1, Samsung Galaxy Note 10.1 N8010, NA
Samsung GALAXY Note II? SC-02E for DoCoMo, Not Found, Not Found
Samsung Galaxy A6+, Not Found, Not Found
Samsung Galaxy S4, Samsung Galaxy S4 Active LTE-A, NA
Samsung Galaxy A60, Samsung Galaxy A60s,55000
Samsung Galaxy Grand Quattro, Not Found, Not Found
Samsung Galaxy S10e, Samsung Galaxy S10E,123999
Samsung Galaxy Note 20 Ultra 5G, Not Found, Not Found
Samsung Galaxy Grand, Samsung Galaxy Grand Prime Plus 2018,17699
Samsung Galaxy S6 Active, Samsung Galaxy S6 active, NA
Samsung Galaxy J1 Ace, Samsung Galaxy J1 Ace,9999
Samsung Galaxy Tab 3, Not Found, Not Found
Samsung GALAXY SOL 3 (2018), Not Found, Not Found
Samsung Galaxy M01s, samsung Galaxy M01s,23000
Samsung Gakaxy J7 Neo, Not Found, Not Found
Samsung Galaxy A8+, Not Found, Not Found
Samsung GALAXY S4 SC-04E for DoCoMo, Not Found, Not Found
Samsung Galaxy M31s, Samsung Galaxy M31s, Rs. 47999
Samsung Galaxy XCover 4s, Samsung Galaxy Xcover 4s,42999
Samsung Galaxy J7 Star, Samsung Galaxy J7 Star,25499
Samsung Galaxy Mega 5.8, Samsung Galaxy Mega 5.8 I9150, NA
Samsung Galaxy M10, Samsung Galaxy M10s,22500
Samsung Note 3 Neo Duos, Not Found, Not Found
Samsung Galaxy A20e, Samsung Galaxy A20e,34999
Samsung Galaxy Amp Prime 3 2018, Not Found, Not Found
Samsung Galaxy S4 LTE, Not Found, Not Found
Samsung Galaxy Note, Samsung Galaxy Note 10 Lite, Rs. 99999
Samsung Galaxy Tab, Samsung Galaxy Tab S6 Lite,78000
Samsung Galaxy S5 mini, Samsung Galaxy S5 mini Duos, NA
Samsung Galaxy S20+, Not Found, Not Found
Samsung Galaxy S20 FE 5G, Not Found, Not Found
Samsung Galaxy J3 Top, Not Found, Not Found
Samsung Galaxy S IV, Not Found, Not Found
Samsung Galaxy Grand Neo, Samsung Galaxy Grand Neo, NA
Samsung Galaxy A7 (2017), Not Found, Not Found
Samsung Galaxy J7 Pro, Samsung Galaxy J7 Pro,28945
Samsung Galaxy S20 5G, Not Found, Not Found
Samsung Galaxy A90 5G, Samsung Galaxy A90 5G,109999
Samsung Galaxy J2 (2016), Samsung Galaxy J2 (2016), NA
Samsung GALAXY Note III SC-01F for DoCoMo, Not Found, Not Found
Samsung Galaxy Feel 2, Not Found, Not Found
Samsung Galaxy On7, Samsung Galaxy On7 Pro,17999
Samsung Galaxy A7 Duos, Samsung Galaxy A7 Duos, NA
Samsung Galaxy J7 Prime, Samsung Galaxy J7 Prime 2,20000
Samsung Galaxy Note20 5G, Not Found, Not Found
Samsung Galaxy Z Fold2 5G, Not Found, Not Found
Samsung Galaxy S III Mini, Not Found, Not Found
Samsung Galaxy A71, Samsung Galaxy A71, Rs. 67999
Samsung Galaxy J5, Samsung Galaxy J5,24249
Samsung Galaxy S10 5G, Not Found, Not Found
Samsung Galaxy Feel, Not Found, Not Found
Samsung Galaxy Tab A 10.1, Samsung Galaxy Tab A 10.1 (2019),21949
Samsung Galaxy C7 Pro Duos, Not Found, Not Found
Samsung Galaxy Note 7, Samsung Galaxy Note 7,84999
Samsung Galaxy S8+, Not Found, Not Found
Samsung Galaxy A6, Samsung Galaxy A60s,55000
Samsung Galaxy Tab 4 7.0, Not Found, Not Found
Samsung Galaxy SII Plus, Not Found, Not Found
Samsung Galaxy Tab 4 8.0, Not Found, Not Found
Samsung Gakaxy J7 neo, Not Found, Not Found
Samsung Galaxy J7 V, Samsung Galaxy J7 V, NA
Samsung GALAXY S5 SCL23 for KDDI, Not Found, Not Found
Samsung Galaxy S6, Samsung Galaxy S6 edge (USA), NA
Samsung Galaxy J2 Core, Samsung Galaxy J2 Core (2020),15000
Samsung Ace Style, Not Found, Not Found
Samsung Galaxy Tab S2 8.0, Not Found, Not Found
Samsung Galaxy Duos, Not Found, Not Found
Samsung Galaxy Tab A7 10.4 (2020), Not Found, Not Found
Samsung Galaxy Tab A, Samsung Galaxy Tab A 10.1 (2019),21949
Samsung Galaxy Tab Pro 8.4, Not Found, Not Found
Samsung Galaxy Mega 2, Samsung Galaxy Mega 2, NA
Samsung Galaxy A01, Samsung Galaxy A01 Core, Rs. 13999
Samsung Galaxy Note10 5G, Not Found, Not Found
Samsung S III mini, Not Found, Not Found
Samsung Galaxy M30, Samsung Galaxy M30s,49999
Samsung Galaxy Grand 2 LTE, Not Found, Not Found
Samsung Galaxy Xcover Pro, Samsung Galaxy Xcover Pro,86999
Samsung Galaxy Trend II Duos, Samsung Galaxy Trend II Duos S7572, NA
Samsung Galaxy S6 Edge, Samsung Galaxy S6 edge (USA), NA
Samsung Galaxy J6, Samsung Galaxy J6+ Plus,30999
Samsung Galaxy Grand Max, Samsung Galaxy Grand Max, NA
Samsung Galaxy A9, Samsung Galaxy A90,80999
Samsung Galaxy Tab 2 10.1 WiFi, Not Found, Not Found
Samsung Galaxy Note Pro, Not Found, Not Found
Samsung Galaxy Ace 4 Neo, Not Found, Not Found
Samsung Galaxy Grand 3 LTE, Not Found, Not Found
Samsung Galaxy J7 (2016), Samsung Galaxy J7 (2016),23049
Samsung Galaxy S5, Samsung Galaxy S5 LTE-A G906S, NA
Samsung Galaxy Note 3 Neo, Samsung Galaxy Note 3 Neo, NA
Samsung GALAXY J SC-02F for DoCoMo, Not Found, Not Found
Samsung Galaxy J1 Mini, Samsung Galaxy J1 Mini Prime,8349
Samsung Galaxy A21, Samsung Galaxy A21s 128GB, Rs. 33999
Samsung Galaxy Grand Prime+, Not Found, Not Found
Samsung Galaxy Tab A 9.7, Not Found, Not Found
Samsung Galaxy Tab 4 10.1, Not Found, Not Found
Samsung Galaxy XCover4, Not Found, Not Found
Samsung Galaxy J7 Aura, Not Found, Not Found
Samsung Galaxy Xcover 3, Samsung Galaxy Xcover 3 G389F, NA
Samsung Galaxy Grand 3, Not Found, Not Found
Samsung Galaxy A5 2016 Duos, Not Found, Not Found
Samsung Galaxy S20+ 5G, Not Found, Not Found
Samsung Galaxy Tab S7, Not Found, Not Found
Samsung Galaxy Sol, Not Found, Not Found
Samsung Galaxy S20 Ultra, Samsung Galaxy S20 Ultra 5G,154499
Samsung Galaxy A70s, Samsung Galaxy A70s,69999
Samsung Galaxy J3 V 3rd Gen, Not Found, Not Found
Samsung Galaxy Grand Prime, Samsung Galaxy Grand Prime Plus 2018,17699
Samsung Galaxy Note20, Not Found, Not Found
Samsung Galaxy M31, Samsung Galaxy M31s, Rs. 47999
Samsung Galaxy Wide 4G LTE, Not Found, Not Found
Samsung Galaxy A02, Samsung Galaxy A02 64GB, Rs. 17899
Samsung Galaxy S20, Samsung Galaxy S20 FE, Rs. 119999
Samsung Galaxy Note 5 Duos, Samsung Galaxy Note 5 Duos,60999
Samsung Galaxy S5 Mini, Samsung Galaxy S5 mini Duos, NA
Samsung Galaxy A42 5G, Samsung Galaxy A42 5G,56000
Samsung Galaxy M02, Samsung Galaxy M02,16999
Samsung Galaxy Tab S4, Samsung Galaxy Tab S4 10.5,107400
Samsung Galaxy Tab 3 Kids, Not Found, Not Found
Samsung Galaxy A3, Samsung Galaxy A32, Rs. 39999
Samsung Galaxy Core Prime, Samsung Galaxy Core Prime, NA
Samsung Galaxy J2 Prime, Samsung Galaxy J2 Prime,13499
Samsung Galaxy M11, Samsung Galaxy M11, Rs. 24999
Samsung Galaxy Note10 Lite, Not Found, Not Found
Samsung Galaxy Tab E, Not Found, Not Found
Samsung Galaxy Tab A 8.0 (2018), Not Found, Not Found
Samsung Galaxy S5 LTE-A, Samsung Galaxy S5 LTE-A G906S, NA
Samsung Galaxy S5 Duos, Samsung Galaxy S5 Duos, NA
Samsung Galaxy Light, Samsung Galaxy Light, NA
Samsung Galaxy A5, Samsung Galaxy A51 8GB, Rs. 54999
Samsung Galaxy A8, Samsung Galaxy A82,97999
Samsung Galaxy S7, Samsung Galaxy S7 mini, NA
Samsung Galaxy Core LTE, Samsung Galaxy Core LTE G386W, NA
Samsung Galaxy A71 5G, Samsung Galaxy A71 5G,85000
Samsung GALAXY S5 SC-04F for DoCoMo, Not Found, Not Found
Samsung Galaxy Trend, Samsung Galaxy Trend II Duos S7572, NA
Samsung Galaxy S9+, Not Found, Not Found
Samsung Galaxy A7 (2018), Samsung Galaxy A7 (2018),49999
Samsung Galaxy Note 5, Samsung Galaxy Note 5 Duos,60999
Samsung Galaxy Alpha, Samsung Galaxy Alpha (S801), NA
Samsung Galaxy A20s, Samsung Galaxy A20s, Rs. 30500
Samsung Galaxy E5, Samsung Galaxy E5, NA
Samsung Galaxy Mega 6.3, Samsung Galaxy Mega 6.3 I9200, NA
Samsung Galaxy Amp Prime 3, Not Found, Not Found
Samsung Galaxy J3 2018 (unlocked), Not Found, Not Found
Samsung Galaxy Note 3, Samsung Galaxy Note 3 Neo, NA
Samsung Galaxy A40s, Samsung Galaxy A40s,38000
Samsung Galaxy A8 Star, Samsung Galaxy A8 Star,58099
Samsung Galaxy Tab 3 8.0, Not Found, Not Found
Samsung Galaxy Note II 4G LTE, Not Found, Not Found
Samsung Galaxy A7, Samsung Galaxy A72 256GB, Rs. 84999
Samsung Galaxy J7 Prime 2, Samsung Galaxy J7 Prime 2,20000
Samsung Galaxy Note3, Not Found, Not Found
Samsung Galaxy M01, samsung Galaxy M01s,23000
Samsung Galaxy Tab S3 9.7, Not Found, Not Found
Samsung Galaxy Young, Samsung Galaxy Young S6310, NA
Samsung Galaxy J7 Nxt, Samsung Galaxy J7 Nxt, NA
Samsung Galaxy A12, Samsung Galaxy A12 128GB, Rs. 29750
Samsung Galaxy On7 Prime, Not Found, Not Found
Samsung Galaxy A21s, Samsung Galaxy A21s 128GB, Rs. 33999
Samsung Galaxy Tab E 9.6, Not Found, Not Found
Samsung Galaxy Note 2, Samsung Galaxy Note 20,174599
Samsung Galaxy M21, Not Found, Not Found
Samsung Galaxy Tab 3 7.0, Not Found, Not Found
Samsung Galaxy Tab S2 9.7, Not Found, Not Found
Samsung Galaxy R, Samsung Galaxy Round G910S, NA
Samsung Galaxy Ace 4 LTE, Samsung Galaxy Ace 4 LTE G313, NA
Samsung Galaxy J3 Star, Samsung Galaxy J3 Star (2018),30700
Samsung Galaxy M10s, Samsung Galaxy M10s,22500
Samsung Galaxy J5 (2016), Samsung Galaxy J5 (2016),22499
Samsung Galaxy C7, Samsung Galaxy C7 Pro,32999
Samsung Galaxy S6 Edge Plus, Samsung Galaxy S6 Edge Plus, NA
Samsung Galaxy A5 (2017), Samsung Galaxy A5 (2017),41999
Samsung Galaxy S20 Ultra 5G, Samsung Galaxy S20 Ultra 5G,154499
Samsung Galaxy Tab A 8.0 LTE (2019), Not Found, Not Found
Samsung Galaxy Note 4 Edge, Not Found, Not Found
Samsung Galaxy A8 (2016), Samsung Galaxy A8 (2016),36749
Samsung Galaxy Tab E 8.0, Not Found, Not Found
Samsung Galaxy Ace 3, Samsung Galaxy Ace 3, NA
Samsung Galaxy J7 (2017), Samsung Galaxy J7 (2017),32000
Samsung Galaxy A30s, Samsung Galaxy A30s 128GB, Rs. 38999
Samsung Galaxy A11, Samsung Galaxy A11, Rs. 18999
Samsung Galaxy On5 Neo, Not Found, Not Found
Samsung Galaxy Note II, Samsung Galaxy Note II CDMA, NA
Samsung Galaxy Note10+, Not Found, Not Found
Samsung Galaxy A72, Samsung Galaxy A72 256GB, Rs. 84999
Samsung Galaxy A8 2018, Samsung Galaxy A8 2018, NA
Samsung Galaxy S21 5G, Not Found, Not Found
Samsung Galaxy Tab 2 7.0, Not Found, Not Found
Samsung Galaxy A41, Samsung Galaxy A41,48999
Samsung Galaxy A52 5G, Not Found, Not Found
Samsung Galaxy S4 TDD LTE, Not Found, Not Found
Samsung Galaxy Xcover 3 Value Edition, Not Found, Not Found
Samsung Galaxy Note10+ 5G, Not Found, Not Found
Samsung Galaxy S21+ 5G, Not Found, Not Found
Samsung Galaxy J6+, Samsung Galaxy J6+ Plus,30999
Samsung Galaxy Core, Samsung Galaxy Core I8260, NA
Samsung Galaxy Tab S5e, Samsung Galaxy Tab S5e,69000
Samsung GALAXY Note III SCL22 for KDDI, Not Found, Not Found
Samsung Galaxy A31, Samsung Galaxy A31, Rs. 36999
Samsung Galaxy On5, Samsung Galaxy On5,15999
Samsung Galaxy J4 Core, Samsung Galaxy J4 Core,18499
Samsung Galaxy Tab 3 Lite, Not Found, Not Found
Samsung Galaxy A10e, Samsung Galaxy A10e,27999
Samsung Galaxy Avant, Samsung Galaxy Avant, NA
Samsung Galaxy J5 2016, Not Found, Not Found
Samsung Galaxy J7 (2018), Not Found, Not Found
Samsung Galaxy A01 Core, Samsung Galaxy A01 Core, Rs. 13999
Samsung GALAXY Note Edge SC-01G for DoCoMo, Not Found, Not Found
Samsung Galaxy J8, Samsung Galaxy J8,36249
Samsung Galaxy S III, Samsung Galaxy S III CDMA, NA
Samsung Galaxy J3 2017, Not Found, Not Found
Samsung Galaxy A9 Star, Samsung Galaxy A9 Star Lite,45000
Samsung Galaxy A5 Duos, Samsung Galaxy A5 Duos,30349
Samsung GALAXY Note Edge SCL24 for KDDI, Not Found, Not Found
Samsung Galaxy A80, Samsung Galaxy A80s,100000
Samsung Galaxy S4 Active, Samsung Galaxy S4 Active LTE-A, NA
Samsung Galaxy Tab 3 10.1 3G, Not Found, Not Found
Samsung Galaxy A20, Samsung Galaxy A20s, Rs. 30500
Samsung Galaxy J4, Samsung Galaxy J4 Core,18499
Samsung Galaxy A50, Samsung Galaxy A50, Rs. 48999
Samsung Galaxy J7 Max, Samsung Galaxy J7 Max,32499
Samsung Galaxy S20 FE, Samsung Galaxy S20 FE, Rs. 119999
Samsung Galaxy S7 Active, Samsung Galaxy S7 active, NA
Samsung Galaxy Tab S 8.4, Samsung Galaxy Tab S 8.4 LTE, NA
Samsung Galaxy M40, Samsung Galaxy M40s,60999
Samsung Galaxy S7 Edge, Samsung Galaxy S7 Edge,53499
Samsung Galaxy Tab A 2016 7.0, Not Found, Not Found
Samsung Galaxy J3, Samsung Galaxy J3 Star (2018),30700
Samsung Galaxy S21 Ultra 5G, Not Found, Not Found
Samsung Galaxy Tab 2 10.1, Not Found, Not Found
Samsung Galaxy M01 Core, Not Found, Not Found
Samsung Galaxy S9, Samsung Galaxy S9 Plus (Burgundy Red),110000
Samsung Galaxy On6, Samsung Galaxy On6,27600
Samsung Galaxy A30, Samsung Galaxy A30s 128GB, Rs. 38999
Samsung Galaxy A40, Samsung Galaxy A40e,42000
Samsung Galaxy M62, Samsung Galaxy M62,64999
Samsung Galaxy J1 Mini Prime, Samsung Galaxy J1 Mini Prime,8349
Samsung Galaxy Tab A 8.0 (2019), Samsung Galaxy Tab A 8.0 (2019),22999
Samsung Galaxy A6s, Samsung Galaxy A6s,41000
Samsung Trend Plus, Not Found, Not Found
Samsung Galaxy J5 2017, Not Found, Not Found
Samsung Galaxy C5, Samsung Galaxy C5 Pro,47599
Samsung Galaxy M20, Samsung Galaxy M20s,29999
Samsung Galaxy Tab 3V 3G, Not Found, Not Found
Samsung Galaxy Core II, Samsung Galaxy Core II, NA
Samsung Galaxy Note 4 Duos, Samsung Galaxy Note 4 Duos,42999
Samsung Galaxy Z Flip, Samsung Galaxy Z Flip,184999
Samsung Galaxy K Zoom, Samsung Galaxy K zoom, NA
Samsung Galaxy Folder2, Not Found, Not Found
Samsung Galaxy S III T999, Samsung Galaxy S III T999, NA
Samsung Galaxy A10s, Samsung Galaxy A10s, Rs. 16999
Samsung Galaxy Note20 Ultra, Not Found, Not Found
Samsung Galaxy S5 Neo, Samsung Galaxy S5 Neo, NA
Samsung Galaxy J7 Top, Samsung Galaxy J7 Top,65000
Samsung Galaxy Tab A 8.0 2017, Not Found, Not Found
Samsung Galaxy Tab A 8.0 2018, Not Found, Not Found
Samsung Galaxy Tab A 10.5, Samsung Galaxy Tab A 10.5,50600
Samsung Galaxy Tab A 8.4, Not Found, Not Found
Samsung Galaxy Wide 3, Samsung Galaxy Wide 3,31900
Samsung Galaxy Active Neo, Not Found, Not Found
Samsung Galaxy S10+, Samsung Galaxy S10+ Plus,99000
Samsung Galaxy Note Edge, Samsung Galaxy Note Edge,47249
Samsung Galaxy S II, Samsung Galaxy S II 4G I9100M, NA
Samsung Galaxy S Duos 2, Samsung Galaxy S Duos 2 S7582, NA
Samsung Galaxy S4 Mini, Samsung Galaxy S4 mini I9195I, NA
Samsung Galaxy Note 3 LTE-A, Not Found, Not Found
Samsung Galaxy Core Max, Not Found, Not Found
Samsung Galaxy Tab S6, Samsung Galaxy Tab S6 Lite,78000
Samsung J2 Core+, Not Found, Not Found
Samsung Galaxy Ace 2, Samsung Galaxy Ace 2 I8160, NA
Samsung S5 Mini LTE-A, Not Found, Not Found
Samsung Galaxy J3 Pro, Samsung Galaxy J3 Pro,17999
Samsung On5 2016, Not Found, Not Found
Samsung Galaxy J2 Pro (2018), Not Found, Not Found
Samsung Galaxy J1 2016, Not Found, Not Found
Samsung Galaxy J3 Duos, Not Found, Not Found
Samsung Galaxy Grand Duos, Not Found, Not Found
Samsung Note 8.0, Not Found, Not Found
Samsung Galaxy A50s, Samsung Galaxy A50s,56999
Samsung Galaxy W, Samsung Galaxy Wide 4,38000
Samsung Galaxy Tab 4 8.0 LTE, Not Found, Not Found
Samsung Galaxy Note 8.0, Samsung Galaxy Note 8.0 Wi-Fi, NA
Samsung Galaxy Ace NXT, Samsung Galaxy Ace NXT, NA
Samsung Galaxy Tab Pro 10.1, Not Found, Not Found
Samsung Galaxy Grand Prime Value Edition, Not Found, Not Found
Samsung Galaxy J2 (2015), Not Found, Not Found
Samsung Galaxy J4+, Samsung Galaxy J4+ Plus,23500
Samsung Galaxy Star S7262, Not Found, Not Found
Samsung Galaxy Jean, Samsung Galaxy Jean 2,28000
Samsung Galaxy Jean2, Not Found, Not Found
Samsung Galaxy S III Neo+, Not Found, Not Found
Samsung Galaxy Note8, Not Found, Not Found
Samsung Galaxy Grand 2, Samsung Galaxy Grand 2, NA
Samsung Galaxy A3 2017, Not Found, Not Found
Samsung Galaxy J1, Samsung Galaxy J1 Nxt, NA
Samsung Galaxy S10, Samsung Galaxy S10 Lite, Rs. 113999
Samsung Galaxy Note Fan Edition, Not Found, Not Found
Samsung Galaxy A9 2018, Samsung Galaxy A9 2018,79999
Samsung Galaxy A32, Samsung Galaxy A32, Rs. 39999
Samsung Galaxy Tab A 10.1 (2019), Samsung Galaxy Tab A 10.1 (2019),21949
Samsung Galaxy J3 Achieve, Not Found, Not Found
Samsung Galaxy Win LTE, Not Found, Not Found
Samsung Galaxy Express 2, Samsung Galaxy Express 2, NA
Samsung Galaxy S4 Zoom, Samsung Galaxy S4 Zoom,20488
Samsung Galaxy S8, Samsung Galaxy S8 Plus,57499
Samsung Galaxy A52 4G, Not Found, Not Found
Samsung Galaxy Fold, Samsung Galaxy Fold Lite,160000
Samsung Galaxy A8s, Samsung Galaxy A8s Lite,45000
Samsung Galaxy Tab S 10.5, Not Found, Not Found
Samsung Galaxy S10 Lite, Samsung Galaxy S10 Lite, Rs. 113999
Samsung Galaxy S8 Active, Samsung Galaxy S8 Active,89500
Samsung S 4 Active, Not Found, Not Found
Samsung Star 2 Plus, Not Found, Not Found
Samsung Galaxy J7 2015, Not Found, Not Found
Samsung Galaxy Tab A 7.0 LTE, Not Found, Not Found
Samsung Galaxy E7, Samsung Galaxy E7,29099
Samsung Galaxy A9 Pro, Samsung Galaxy A9 Pro 2019,78000
Samsung Galaxy Tab S6 Lite, Samsung Galaxy Tab S6 Lite,78000
Samsung Galaxy Tab 4 Lite 7.0, Not Found, Not Found
Samsung Galaxy Mega Plus 4G, Not Found, Not Found
Samsung Galaxy M02s, Samsung Galaxy M02s,16999
Samsung Galaxy A70, Samsung Galaxy A70, Rs. 59999
Samsung Galaxy J5 Prime, Samsung Galaxy J5 Prime,19290
Samsung Galaxy Note9, Not Found, Not Found
Samsung Galaxy Note 4, Samsung Galaxy Note 4 (USA),42999
Samsung Galaxy Note FE, Samsung Galaxy Note FE, NA
Samsung Galaxy Note10, Not Found, Not Found
Samsung Galaxy A7 (2016), Samsung Galaxy A7 (2016),32599
Samsung Galaxy M30s, Samsung Galaxy M30s,49999
Samsung Galaxy C8, Not Found, Not Found
Samsung Galaxy A32 5G, Not Found, Not Found
Samsung Galaxy S Advance, Not Found, Not Found
Samsung Galaxy S7 Duos, Not Found, Not Found
Samsung Galaxy C5 Pro, Samsung Galaxy C5 Pro,47599
Samsung Galaxy A02s, Samsung Galaxy A02s 4GB, Rs. 19999
Samsung Galaxy M51, Samsung Galaxy M51, Rs. 61999
Samsung Galaxy Tab Active LTE-A, Not Found, Not Found
Samsung Galaxy A10, Samsung Galaxy A10s, Rs. 16999
Samsung Galaxy S Duos 3, Samsung Galaxy S Duos 3, NA
Samsung Galaxy J5 Pro, Samsung Galaxy J5 Pro,29999
Samsung Galaxy Note20 Ultra 5G, Not Found, Not Found
Samsung Galaxy J7 Duo, samsung Galaxy J7 Duo,22000
Samsung Galaxy Tab Active 2, Not Found, Not Found
Samsung Galaxy A51 5G, Samsung Galaxy A51 5G,60000
Samsung Galaxy Note II Duos, Not Found, Not Found
Samsung Galaxy SII, Not Found, Not Found
Samsung Galaxy J3 2018, Not Found, Not Found
Realme C2, Realme C25, Rs. 26999
Realme 6 Pro, Realme 6 pro, Rs. 49999
Realme 8, Realme 8 pro, Rs. 47999
Realme 3i, Realme 3i,23999
Realme 5 Pro, Realme 5 Pro 8GB, Rs. 40999
Realme 7, Realme 7i, Rs. 33999
Realme C21, Realme C21, Rs. 19999
Realme 3 Pro, Realme 3 Pro 6GB, Rs. 39999
Realme 5s, Realme 5s, Rs. 29999
Realme X3, Realme X3 Super Zoom, Rs. 79999
Realme 7 Pro, Realme 7 Pro, Rs. 49999
Realme 5, Realme 5i, Rs. 24999
Realme 8 Pro, Realme 8 pro, Rs. 47999
Realme X2 Pro, Realme X2 Pro, NA
Realme C11, Realme C11, Rs. 15999
Realme Narzo 30A, Realme Narzo 30A, Rs. 20599
Realme 2, Realme 2 Pro, Rs. 46999
Realme 1, Oppo Realme 1,25999
Realme 6i, Realme 6i, Rs. 29999
Realme 3, Realme 3 Pro 6GB, Rs. 39999
Realme C15, Realme C15, Rs. 24999
Realme C3, Realme C3, Rs. 19999
Realme 6, Realme 6 8GB, Rs. 41999
Realme 7i, Realme 7i, Rs. 33999
Realme C17, Realme C17, Rs. 28999
Realme C25, Realme C25, Rs. 26999
Realme C12, Realme C12, Rs. 16999
Realme C1, Realme C17, Rs. 28999
Realme XT, Realme XT, Rs. 49999
Realme 5i, Realme 5i, Rs. 24999
Quanta Ellipsis 10, Not Found, Not Found
QiKU 360 N4, Not Found, Not Found
QMobile Nitro Pro M88, Not Found, Not Found
QMobile Bolt, QMobile Bolt T360, Rs. 6500
QMobile Noir i6i, QMobile Noir i6i, Rs. 6199
QMobile Noir Titan, Not Found, Not Found
QMobile Noir 3G, Not Found, Not Found
QMobile SMART, QMobile Smart View Max, Rs. 12500
QMobile Linq X70, Qmobile Linq X70,7500
QMobile Noir, QMobile Noir LT100, Rs. 6999
QMobile QSmart, QMobile QSmart Hot Pro 2, Rs. 11999
QMobile Q Smart, Not Found, Not Found
QMobile Linq L15, QMobile Linq L15,8500
QMobile LinQ L20, Not Found, Not Found
Posh Mobile Optima LTE, Not Found, Not Found
Posh Mobile Volt LTE, Not Found, Not Found
Posh Mobile Equal Plus, Not Found, Not Found
Posh Mobile Titan HD, Not Found, Not Found
Philips Xenium S307, Not Found, Not Found
Phicomm ENERGY 4S, Not Found, Not Found
Pantech Perception, Not Found, Not Found
Pantech Vega No. 6, Not Found, Not Found
Pantech Vega Iron, Not Found, Not Found
Pantech Vega Iron 2, Not Found, Not Found
Pantech Vega R3, Not Found, Not Found
Pantech Vega LTE-A, Not Found, Not Found
Pantech Vega Secret Note, Not Found, Not Found
Pantech Vega Secret Up, Not Found, Not Found
Pantech Pop Up Note, Not Found, Not Found
POCO M3 Pro 5G, Xiaomi Poco M3 Pro 5G,32999
OnePlus Nord N10 5G, Not Found, Not Found
OnePlus 3T, OnePlus 3T,42945
OnePlus Nord N100, OnePlus Nord N100, Rs. 22500
OnePlus X, OnePlus X,32899
OnePlus 6T, OnePlus 6T McLaren,109999
OnePlus 7 Pro 5G, OnePlus 7 Pro 5G,120000
OnePlus 9, OnePlus 9, Rs. 134999
OnePlus 5T, OnePlus 5T,40999
OnePlus One, OnePlus One,35000
OnePlus 7T Pro 5G McLaren, OnePlus 7T Pro 5G McLaren,134999
OnePlus 7T Pro, OnePlus 7T Pro, Rs. 82500
OnePlus Nord, OnePlus Nord 12GB, Rs. 94999
OnePlus 8T, OnePlus 8T 12GB, Rs. 118999
OnePlus 7T, OnePlus 7T, Rs. 79999
Obi Obi Hornbill, Not Found, Not Found
Obi Worldphone SF1, Not Found, Not Found
OPPO Find X, Oppo Find X3 Pro,185999
OPPO R17, Oppo R17 Neo,46000
OPPO F11 Pro, Oppo F11 Pro,54999
OPPO Reno2 Z, Not Found, Not Found
OPPO R9s, Oppo R9s Plus,60000
OPPO Reno3 A, Not Found, Not Found
OPPO Finx X2 Pro, Not Found, Not Found
OPPO R11, Oppo R11 Plus,58500
OPPO R15, OPPO R15 PLUS,65999
OPPO Neo 7, Oppo Neo 7,12900
OPPO F17 Pro, Oppo F17 Pro, Rs. 44999
OPPO A15s, Oppo A15s, Rs. 25999
OPPO Reno4 Pro, Not Found, Not Found
OPPO A77, Oppo A77,41000
OPPO Reno 5G, Not Found, Not Found
OPPO Reno 3A, Not Found, Not Found
OPPO A31, Oppo A31 3GB, Rs. 22999
OPPO A9 (2020), Not Found, Not Found
OPPO A15, Oppo A15s, Rs. 25999
OPPO R17 Neo, Oppo R17 Neo,46000
OPPO F5 Youth, Oppo F5 Youth,25700
OPPO A39, Oppo A39,18000
OPPO R11s Dual Sim, Not Found, Not Found
OPPO R9 Plus, Oppo R9 Plus,41000
OPPO Find 7a, Not Found, Not Found
OPPO Reno2 F, Not Found, Not Found
OPPO R9s Plus, Oppo R9s Plus,60000
OPPO N3, Oppo N3,31499
OPPO A71, Oppo A71,17999
OPPO N1 Mini, Not Found, Not Found
OPPO Reno Z, Oppo Reno Z,55999
OPPO A3, Oppo A31 3GB, Rs. 22999
OPPO U3, Oppo U3,9500
OPPO Joy 3, Oppo Joy 3,9450
OPPO A73 5G, Not Found, Not Found
OPPO A7, Oppo A7, Rs. 31999
OPPO R1S, Oppo R1S,12500
OPPO A11, Oppo A11k, Rs. 17999
OPPO A5, Oppo A54, Rs. 31999
OPPO F3, Oppo F3 Black,29000
OPPO Reno3, Oppo Reno3 Vitality,77999
OPPO A77T, Not Found, Not Found
OPPO F7, Oppo F7 Youth,26999
OPPO F5, Oppo F5 Youth,25700
OPPO A52, Oppo A52, Rs. 34999
OPPO R17 Pro, Oppo R17 Pro,79999
OPPO A9, Oppo A9 2020, Rs. 37999
OPPO Neo 5s, Oppo Neo 5s,11200
OPPO A92, Oppo A92s 5G,69000
OPPO Reno4, Not Found, Not Found
OPPO Reno2, Not Found, Not Found
OPPO A53, Oppo A53, Rs. 27999
OPPO A74, Oppo A74,39999
OPPO Reno 10x Zoom, Oppo Reno 10x zoom,109999
OPPO Reno4 Z 5G, Not Found, Not Found
OPPO Reno5 4G, Not Found, Not Found
OPPO A54, Oppo A54, Rs. 31999
OPPO Reno5 Pro 5G, Not Found, Not Found
OPPO Reno3 Pro, Not Found, Not Found
OPPO F9 Pro, Oppo F9 Pro,49999
OPPO A12, Oppo A12 3GB, Rs. 19999
OPPO R15x, Oppo R15x,47000
OPPO Reno4 Pro 5G, Not Found, Not Found
OPPO F1s, Oppo F1s,19900
OPPO R7 Lite, Not Found, Not Found
OPPO A71 (2018), Not Found, Not Found
OPPO F9, Oppo F9 Pro,49999
OPPO F1 Plus, Oppo F1 Plus,39900
OPPO Neo 3, Not Found, Not Found
OPPO A3s, Oppo A3s,18999
OPPO F11, Oppo F11,39999
OPPO F19 Pro, Oppo F19 Pro, Rs. 49999
OPPO R15 Pro, Not Found, Not Found
OPPO R1x, Oppo R1x,16000
OPPO Reno Ace, Oppo Reno Ace 2,80000
OPPO K3, Oppo K3,35999
OPPO K5, Oppo K5s,61600
OPPO R1C, Not Found, Not Found
OPPO Joy Plus, Oppo Joy Plus,7600
OPPO YoYo, Not Found, Not Found
OPPO Find X3 Pro, Oppo Find X3 Pro,185999
OPPO A91, Oppo A91,43999
OPPO A72, Oppo A72,53000
OPPO R7s, Oppo R7s Plus,51750
OPPO Reno, Oppo Reno 5, Rs. 55999
OPPO F15, Oppo F15 Pro,67000
OPPO K1, OPPO K1,39999
OPPO R7 Plus, Oppo R7 Plus,30000
OPPO A83, Oppo A83,22000
OPPO A1K, Oppo A1K, Rs. 16999
OPPO R9, Oppo R9 Plus,41000
OPPO A7x, Oppo A7x,38000
OPPO A5s, Oppo A5s 4GB, Rs. 29999
OPPO F19, Oppo F19 Pro, Rs. 49999
OPPO A93, Oppo A93s 5G,48880
OPPO R15 Neo, Oppo R15 Neo (AX5),30000
Nuu G2, Not Found, Not Found
Nokia 6.1, Nokia 6.1 Plus, Rs. 28799
Nokia X2 Dual Sim, Not Found, Not Found
Nextbook Ares 11, Not Found, Not Found
Nextbook Ares11A, Not Found, Not Found
NEC Disney mobile on docomo N-03E for DoCoMo, Not Found, Not Found
NEC MEDIAS X N-04E for DoCoMo, Not Found, Not Found
Motorola DROID RAZR M 4G LTE, Not Found, Not Found
Motorola G5 Plus, Not Found, Not Found
Motorola Moto e5 plus, Motorola Moto E5 Plus, Rs. 27000
Motorola Moto X (2nd Gen), Motorola Moto X (2nd Gen),9500
Motorola Moto Turbo, Not Found, Not Found
Motorola RAZR i, Motorola Razr i,7500
Motorola Moto M, Motorola Moto M, Rs. 25400
Motorola Droid RAZR M, Motorola Droid Razr Maxx, NA
Motorola Moto Maxx, Motorola Moto Maxx,14500
Motorola Droid 4, Motorola Droid 4, NA
Motorola Droid Maxx 2, Motorola Droid Maxx 2,11999
Motorola Moto Z2 Force, Motorola Moto Z2 Force,97600
Motorola Droid Turbo, Motorola Droid Turbo,12499
Motorola Moto E3, Motorola Moto E3,13000
Motorola Moto Z Play, Motorola Moto Z Play, Rs. 43900
Motorola Droid Ultra, Motorola Droid Ultra,10950
Motorola Moto Z Droid, Not Found, Not Found
Motorola Moto G6, Motorola Moto G6 Plus, Rs. 42000
Motorola Moto G4 Play, Motorola Moto G4 Play,19900
Motorola Moto X Force, Motorola Moto X Force,15600
Motorola Droid Razr 4G, Not Found, Not Found
Motorola Moto G, Motorola Moto G6 Plus, Rs. 42000
Motorola Droid Razr HD, Motorola Droid Razr HD, NA
Motorola Moto E3 Power, Motorola Moto E3 Power,13000
Motorola Moto X, Motorola Moto X Style, Rs. 37500
Motorola Moto Z2 Play, Motorola Moto Z2 Play,61400
Motorola Moto E (2nd Gen), Not Found, Not Found
Motorola Moto G Forte (Falcon), Not Found, Not Found
Motorola Moto X Style/Pure, Not Found, Not Found
Motorola Razr D1, Not Found, Not Found
Motorola Moto G5S, Motorola Moto G5S Plus, Rs. 28000
Motorola Moto G4, Motorola Moto G4 Play,19900
Motorola Moto X Play, Motorola Moto X Play Dual SIM,27000
Motorola Moto E6, Motorola Moto E6 Plus, Rs. 19999
Motorola Moto G 4G, Motorola Moto G 4G,15499
Motorola Moto E, Motorola Moto E6 Plus, Rs. 19999
Motorola Droid Mini, Motorola Droid Mini,10500
Motorola Droid Turbo 2, Motorola Droid Turbo 2,13995
Motorola Moto G (2nd Gen), Not Found, Not Found
Motorola moto e5, Motorola Moto E5 Plus, Rs. 27000
Motorola Moto G LTE, Not Found, Not Found
Micromax Canvas 6, Not Found, Not Found
Micromax Canvas Express 4G, Not Found, Not Found
Micromax Unite 2, Not Found, Not Found
Micromax Canvas 5 Lite Special Edition, Not Found, Not Found
Micromax Canvas Infinity, Not Found, Not Found
Meizu Pro 7, Meizu Pro 7 Plus, Rs. 59999
Meizu m3 note, Meizu M3 Note, Rs. 19500
Meizu M2 Note, Not Found, Not Found
Lenovo Vibe K6 Plus, Not Found, Not Found
Lenovo A10-70 A7600, Not Found, Not Found
Lenovo Tab4 8, Not Found, Not Found
Lenovo K11, Not Found, Not Found
Lenovo Golden Warrior, Lenovo Golden Warrior S8,17000
Lenovo K5 Note (2018), Not Found, Not Found
Lenovo Tab3 8, Not Found, Not Found
Lenovo Vibe K4 Note, Not Found, Not Found
Lenovo Yoga Tablet 3 8.0, Not Found, Not Found
Lenovo ZUK Edge, Lenovo Zuk Edge, NA
Lenovo Yoga B6000-HV, Not Found, Not Found
Lenovo TAB E8, Lenovo Tab E8,12000
Lenovo A2010, Lenovo A2010, Rs. 6500
Lenovo P2, Lenovo P2,27999
Lenovo S5 Pro, Lenovo S5 Pro GT,31999
Lenovo Tab 2, Not Found, Not Found
Lenovo TAB 7 Essential, Not Found, Not Found
Lenovo TAB4 Plus, Not Found, Not Found
Lenovo K5 Pro, Lenovo K5 Pro,25000
Lenovo A6 Note, Lenovo A6 Note,38000
Lenovo K6 Note, Lenovo K6 Note, Rs. 25900
Lenovo Tab M10 FHD Plus, Not Found, Not Found
Lenovo Phab 2, Not Found, Not Found
Lenovo Tab M8 (2nd Gen), Not Found, Not Found
Lenovo K3 Note, Lenovo K3 Note,18990
Lenovo K9, Lenovo K9,18000
Lenovo SmartTab M8, Not Found, Not Found
Lenovo TAB 2 A10-30, Not Found, Not Found
Lenovo M10, Not Found, Not Found
Lenovo Vibe P1, Lenovo Vibe P1m, Rs. 17900
Lenovo Phab Plus, Lenovo Phab Plus,25500
Lenovo Vibe K5 Note, Not Found, Not Found
Lenovo S5, Lenovo S5, Rs. 34999
Lenovo Tab A7-50, Not Found, Not Found
Lenovo Sisley, Not Found, Not Found
Lenovo Phab 2 Plus, Not Found, Not Found
Lenovo Z6 Lite, Not Found, Not Found
Lenovo Z2 Plus, Not Found, Not Found
Lenovo Tab M7, Not Found, Not Found
Lenovo Vibe S1, Lenovo Vibe S1 Lite, Rs. 26000
Lenovo PHAB, Lenovo Phab2 Plus,27000
Lenovo Vibe K6 Power, Not Found, Not Found
Lenovo Vibe S1 Lite, Lenovo Vibe S1 Lite, Rs. 26000
Lenovo Vibe P1m, Lenovo Vibe P1m, Rs. 17900
Lenovo Yoga Tab 3, Not Found, Not Found
Lenovo IdeaTab A3000-F, Not Found, Not Found
Lenovo Vibe X3, Lenovo Vibe X3 c78, NA
Lenovo Tab3 7, Not Found, Not Found
Lenovo A6600 Plus, Lenovo A6600 Plus,15000
Lenovo Z2, Not Found, Not Found
Lenovo Tab 7 4G, Not Found, Not Found
Lenovo A Plus, Lenovo A Plus,7000
Lenovo LePhone, Lenovo LePhone S2, NA
Lenovo Tab S8, Not Found, Not Found
Lenovo Vibe K5, Lenovo Vibe K5 Plus, Rs. 19500
Lenovo Vibe C, Lenovo Vibe C, Rs. 8999
Lenovo A6600, Lenovo A6600,10200
Lenovo Tab V7, Not Found, Not Found
Lenovo Tab E10, Lenovo Tab E10,15000
Lenovo Tab3 8 Plus, Not Found, Not Found
Lenovo Vibe C2, Lenovo Vibe C2,13899
Lenovo K10 Plus, Lenovo K10 Plus,32999
Lenovo Vibe K5 Plus, Lenovo Vibe K5 Plus, Rs. 19500
Lenovo A8, Lenovo A800, NA
Lenovo Vibe Shot, Lenovo Vibe Shot,25000
Lenovo TAB 2, Not Found, Not Found
Lenovo Tab 4 8 Plus, Not Found, Not Found
Lenovo TAB 2 A10, Not Found, Not Found
Lenovo Tab4 10, Not Found, Not Found
Lenovo Vibe X2, Lenovo Vibe X2, Rs. 30600
Lenovo Vibe Z2, Lenovo Vibe Z2, Rs. 51000
Lenovo Tab M10, Lenovo Tab M10,8500
Lenovo Tab E7, Lenovo Tab E7,8000
Lenovo B, Lenovo B,8500
Lenovo K5 Play, Lenovo K5 Play, Rs. 18999
Lenovo Tab4 10 Plus, Not Found, Not Found
Lenovo Yoga B8000-H, Not Found, Not Found
LeTV Le 2, Not Found, Not Found
LeTV Le 1, Not Found, Not Found
LeTV Le 1S, Not Found, Not Found
LeEco Le 2 Pro, LeEco Le 2 Pro,26400
LeEco Le Max 2, LeEco Le Max 2, NA
LeEco Le S3, LeEco Le S3,37528
Lava Iris 54, Not Found, Not Found
Lava Z62, Not Found, Not Found
Lava V+ 6, Not Found, Not Found
Lava Iris 360m, Not Found, Not Found
Lava R5, Not Found, Not Found
Lava Z52 Pro, Not Found, Not Found
Lava V8, Not Found, Not Found
Lava Iris 61, Not Found, Not Found
Lava Iris 46, Not Found, Not Found
Lava R3 Note, Not Found, Not Found
Lanix Ilium LT500, Not Found, Not Found
LG G5, LG G5,38999
LG Q51, LG Q51,30000
LG AKA, LG AKA,9399
LG V30+, Not Found, Not Found
LG Optimus G Pro, LG Optimus G Pro,16500
LG K40S, Not Found, Not Found
LG G3 LTE-A, Not Found, Not Found
LG Risio 3, Not Found, Not Found
LG Gx, LG GX300, Rs. 9000
LG Optimus Vu II, LG Optimus Vu II,32000
LG G Pad X 8.0, Not Found, Not Found
LG Q7 Plus, Not Found, Not Found
LG Stylo 3, LG Stylo 3 Plus,39600
LG G Pad 8.0, Not Found, Not Found
LG G Pad X2 8.0 Plus, Not Found, Not Found
LG V10, LG V10, Rs. 41500
LG X4+, Not Found, Not Found
LG STYLE 2 2019, Not Found, Not Found
LG K20 Plus, Not Found, Not Found
LG Fiesta, Not Found, Not Found
LG G Vista 2, LG G Vista 2, Rs. 43500
LG G8 ThinQ, LG G8 ThinQ Android 10,39999
LG Phoenix 3, Not Found, Not Found
LG K41S, LG K41s,62000
LG Qua Phone PX, Not Found, Not Found
LG G Pad 7.0 LTE-A, Not Found, Not Found
LG Premier Pro, Not Found, Not Found
LG Tribute HD, Not Found, Not Found
LG Stylus 2, LG Stylus 2 Plus, Rs. 45000
LG isai FL LGL24 for KDDI, Not Found, Not Found
LG Gx2, Not Found, Not Found
LG G3 Cat 6, Not Found, Not Found
LG X Charge, Not Found, Not Found
LG K4 (2017), Not Found, Not Found
LG Spirit 4G LTE, Not Found, Not Found
LG Band Play, Not Found, Not Found
LG V40 ThinQ, LG V40 ThinQ,36999
LG Stylo 2 Plus, Not Found, Not Found
LG K10 2017, LG K10 2017, Rs. 18299
LG Volt, LG Volt,10170
LG Optimus L70, Not Found, Not Found
LG Aristo, LG Aristo 2,7900
LG G3 Mini, Not Found, Not Found
LG Stylo, LG Stylo 7, Coming Soon
LG Stylo 5, LG Stylo 5,33999
LG X5, Not Found, Not Found
LG X Screen, LG X Screen, Rs. 13999
LG K12 Plus, Not Found, Not Found
LG Q60, LG Q60,26999
LG F70 LTE, Not Found, Not Found
LG Aristo 2, LG Aristo 2,7900
LG Journey LTE, Not Found, Not Found
LG Optimus G L-01E for DoCoMo, Not Found, Not Found
LG G8S ThinQ, LG G8S ThinQ,61999
LG Phoenix 4, Not Found, Not Found
LG X mach, LG X Mach,29800
LG X300, Not Found, Not Found
LG Magna, LG Magna, NA
LG X5 2018, Not Found, Not Found
LG Rebel 4, Not Found, Not Found
LG K20 V, Not Found, Not Found
LG G Flex 2, Not Found, Not Found
LG V35 ThinQ, LG V35 ThinQ,121000
LG Style, Not Found, Not Found
LG Q7, LG Q70,67999
LG Optimus Vu, LG Optimus Vu P895, Rs. 28000
LG K10 LTE, Not Found, Not Found
LG G4 Metallic Gray Silver, Not Found, Not Found
LG Optimus LTE III, Not Found, Not Found
LG isai Beat, Not Found, Not Found
LG K50, LG K50,31000
LG Optimus G2 4G, Not Found, Not Found
LG Optimus it L-05E for DoCoMo, Not Found, Not Found
LG G6, LG G6, Rs. 55900
LG Optimus LTE2, LG Optimus LTE2,15000
LG G3, LG G3 S, NA
LG V30, LG V30 Plus, Rs. 80999
LG X400, Not Found, Not Found
LG X6, Not Found, Not Found
LG K7, LG K7 (2017),11500
LG Optimus G, LG Optimus G, Rs. 52800
LG G Pro 2, LG G Pro 2, Rs. 41500
LG K10, LG K10 2017, Rs. 18299
LG G Pro2 Lite, Not Found, Not Found
LG Stylo 4, LG Stylo 4,38000
LG G5 SE, Not Found, Not Found
LG Fortune, Not Found, Not Found
LG G4 Stylus, LG G4 Stylus, Rs. 19999
LG K51, LG K51s,71000
LG LG Stylus, Not Found, Not Found
LG G3 Beat, Not Found, Not Found
LG K42, Not Found, Not Found
LG Velvet, LG Velvet,69999
LG K7 2017, Not Found, Not Found
LG G3 Stylus, LG G3 Stylus,15449
LG Vivid, Not Found, Not Found
LG X500, Not Found, Not Found
LG K4, LG K40,23999
LG X Series X5 4G LTE, Not Found, Not Found
LG K30, LG K30,29999
LG Q8, LG Q8, Rs. 53999
LG Phoenix 2, Not Found, Not Found
LG X Venture, LG X venture, Rs. 37999
LG G7 ThinQ, LG G7 ThinQ,83700
LG X Cam 4G LTE, Not Found, Not Found
LG G Pad F 8.0, Not Found, Not Found
LG U, LG U,27950
LG Aristo 3, Not Found, Not Found
LG Stylo 2, Lg Stylo 2,16000
LG G Pad F2 8.0, Not Found, Not Found
LG G4, LG G4 Beat, Rs. 15999
LG Stylus 2 Plus, LG Stylus 2 Plus, Rs. 45000
LG K31, Not Found, Not Found
LG Q6, LG Q6, Rs. 28999
LG V50 ThinQ 5G, LG V50 ThinQ 5G, RS
LG Stylo 3 Plus, LG Stylo 3 Plus,39600
LG Disney, Not Found, Not Found
LG V20 Pro, Not Found, Not Found
LG X Screen 4G LTE, Not Found, Not Found
LG G Pad IV 8.0 FHD LTE, Not Found, Not Found
LG G Pad F, Not Found, Not Found
LG Optimus G LG-Gee, Not Found, Not Found
LG G Flex, LG G Flex, Rs. 26500
LG G Pad X8.3, Not Found, Not Found
LG Vu III, Not Found, Not Found
LG Stylo 2 V, Not Found, Not Found
LG K8, LG K8 2017, Rs. 10700
LG Stylo 6, Not Found, Not Found
LG Stylus 3, LG Stylus 3, Rs. 21500
LG G Pad 7.0, Not Found, Not Found
LG F70, LG F70 D315,23000
LG Q9, LG Q92,40000
LG K8V, Not Found, Not Found
LG K20, LG K20 (2019),17999
LG G Pad 8.3, Not Found, Not Found
LG X4, Not Found, Not Found
LG X Power 2, LG X Power 2,27700
LG V30 ThinQ, Not Found, Not Found
LG X Power, LG X power, Rs. 10250
LG V30s Thinq, LG V30S ThinQ,49999
LG G Stylo, LG G Stylo,16000
LG V36, Not Found, Not Found
Kyocera Qua phone QZ, Not Found, Not Found
Kyocera Digno E, Not Found, Not Found
Kyocera Torque G02, Not Found, Not Found
Kyocera Basio 3, Not Found, Not Found
Kyocera Digno M, Not Found, Not Found
Kyocera DuraForce Pro LTE, Not Found, Not Found
Kyocera Qua Tab QZ8, Not Found, Not Found
Kyocera Torque G01, Not Found, Not Found
Kyocera Rafre, Not Found, Not Found
Kyocera Hydro Icon, Not Found, Not Found
Kyocera URBANO V 03, Not Found, Not Found
Kyocera DIGNO rafre, Not Found, Not Found
Kyocera Brigadier, Not Found, Not Found
Kyocera Qua Tab, Not Found, Not Found
Kyocera Qua tab QZ10, Not Found, Not Found
Kyocera Digno G, Not Found, Not Found
Kyocera URBANO L01 KYY21 for KDDI, Not Found, Not Found
Kyocera L03, Not Found, Not Found
Kyocera DIGNO T, Not Found, Not Found
Kyocera Torque g03, Not Found, Not Found
Kyocera Digno C, Not Found, Not Found
KDDI Xperia VL, Not Found, Not Found
KDDI WiMAX 2+, Not Found, Not Found
KDDI Kyocera Urbano V02, Not Found, Not Found
KDDI QX WiMAX 2+, Not Found, Not Found
Jexaa Jex Tab 710, Not Found, Not Found
Infinix Hot 10 Play, Infinix Hot 10 Play 4GB, Rs. 18999
Infinix Hot 7, Infinix Hot 7,26000
Infinix Note 2, Infinix Note 2,15000
Infinix HOT5, Not Found, Not Found
Infinix HOT 3, Infinix Hot 3 Pro,14300
Infinix Hot 10, Infinix Hot 10S, Rs. 24999
Infinix Infinix HOT 4, Not Found, Not Found
Infinix Smart 3 Plus, Infinix Smart 3 Plus,15500
Infinix Note 8i, Infinix Note 8i, Rs. 26999
Infinix Hot S, Infinix Hot S5, Rs. 20999
Infinix Note 2 X600, Not Found, Not Found
Infinix Hot 7 Pro, Infinix Hot 7 Pro,19999
Infinix Zero 5, Infinix Zero 5 Pro,29999
Infinix HOT5 Lite, Not Found, Not Found
Infinix NOTE 4 Pro, Infinix Note 4 Pro,18200
Infinix Zero 8i, Infinix Zero 8i, Rs. 34999
Infinix Note 8, Infinix Note 8i, Rs. 26999
Infinix Hot 9, Infinix Hot 9 Play 4GB, Rs. 18999
Infinix NOTE 4, Infinix Note 4,18700
Infinix Note 5 Stylus, Infinix Note 5 Stylus,37899
Infinix Note 7 Lite, Infinix Note 7 Lite,21099
Infinix Hot 9 Play, Infinix Hot 9 Play 4GB, Rs. 18999
Infinix Hot 6X, Infinix Hot 6X,34000
Infinix Smart 4 Plus, Not Found, Not Found
Infinix Hot 8, Infinix Hot 8 4GB, Rs. 17999
Infinix Hot S3X, Infinix Hot S3X,19600
Infinix Smart HD 2021, Not Found, Not Found
Infinix Smart 2 HD, Infinix Smart 2 HD,12999
Infinix Smart 3, Infinix Smart 3 Plus,15500
Infinix Smart 5, Infinix Smart 5 3GB, Rs. 16999
Infinix Zero 6, Infinix Zero 6,29999
Infinix Note 5, Infinix Note 5 Stylus,37899
Infinix Smart 2, Infinix Smart 2 HD,12999
Infinix Zero 8, Infinix Zero 8i, Rs. 34999
Infinix Note 10 Pro, Infinix Note 10 Pro 256GB, Rs. 35999
Infinix Hot Note, Infinix Hot Note Pro,13450
Infinix Smart 4, Infinix Smart 4, Rs. 13999
Infinix Hot 2, Not Found, Not Found
Infinix HOT 4 Lite, Not Found, Not Found
Infinix Note 3 Pro, Infinix Note 3 Pro,17999
Infinix Infinix S4, Not Found, Not Found
Infinix Note 7, Infinix Note 7 Lite,21099
Infinix Zero 3, Infinix Zero 3,15000
Infinix Hot 10T, Not Found, Not Found
Huawei P20 Pro, Huawei P20 Pro, Rs. 99999
Huawei Honor 7C, Huawei Honor 7C,22749
Huawei Y5 2019, Not Found, Not Found
Huawei Be Y, Not Found, Not Found
Huawei Nova 2s, Huawei nova 2s,33999
Huawei Mediapad X1, Not Found, Not Found
Huawei Honor 6A, Huawei Honor 6A,53700
Huawei Mate SE, Not Found, Not Found
Huawei Honor 5C 2GB RAM, Not Found, Not Found
Huawei Mate 8, Huawei Mate 8,41999
Huawei Nova 5, Huawei Nova 5z,38999
Huawei Honor 20, Not Found, Not Found
Huawei G Play, Not Found, Not Found
Huawei Nova Lite, Not Found, Not Found
Huawei MediaPad M3, Not Found, Not Found
Huawei P Smart Z, Huawei P Smart Z,49999
Huawei Y7 2018, Not Found, Not Found
Huawei Honor 8S, Not Found, Not Found
Huawei Honor 5C Dual SIM TD-LTE, Not Found, Not Found
Huawei MediaPad 10 Link +, Not Found, Not Found
Huawei Honor 9 Lite, Huawei Honor 9 Lite,26999
Huawei Honor 20 Pro, Not Found, Not Found
Huawei Ascend Y 300, Not Found, Not Found
Huawei Mate 9 Lite, Not Found, Not Found
Huawei Y5 Lite 2018, Not Found, Not Found
Huawei Y5 (2018), Not Found, Not Found
Huawei P Smart S, Huawei P Smart S,50000
Huawei Honor V30, Not Found, Not Found
Huawei Nova 3, Huawei Nova 3i, Rs. 36999
Huawei MediaPad M5 Pro, Not Found, Not Found
Huawei Y7 Prime, Huawei Y7 Prime 2019 SE, Rs. 24999
Huawei P30, Huawei P30 Lite, Rs. 39999
Huawei nova 3, Huawei Nova 3i, Rs. 36999
Huawei Y7 Prime 2019, Huawei Y7 Prime 2019 SE, Rs. 24999
Huawei Huawei Y9 2019, Not Found, Not Found
Huawei Y6 Elite, Not Found, Not Found
Huawei Honor 4X, Huawei Honor 4X,23500
Huawei Honor 9, Huawei Honor 9N,33700
Huawei Ascend G620S, Not Found, Not Found
Huawei Honor 9i, Huawei Honor 9i Play,33700
Huawei P8 Lite, Huawei P8 Lite,17000
Huawei P8 Lite (2017), Not Found, Not Found
Huawei Honor 20 Global Dual SIM, Not Found, Not Found
Huawei Honor 8 Pro, Huawei Honor 8 Pro,59800
Huawei Y6II Compact, Huawei Y6II Compact,19999
Huawei Ascend G730, Not Found, Not Found
Huawei Ascend Y530, Huawei Ascend Y530,12899
Huawei Stream S, Not Found, Not Found
Huawei P9 Lite Premium, Not Found, Not Found
Huawei Ascend G760-L01, Not Found, Not Found
Huawei Mediapad 10 Link, Not Found, Not Found
Huawei Honor 8 Lite, Huawei Honor 8 Lite,23500
Huawei Nova 2 Plus Dual SIM TD-LTE, Not Found, Not Found
Huawei Nova 2 Lite, Not Found, Not Found
Huawei Nova 2 Plus, Huawei Nova 2 Plus,53700
Huawei Mate 20 X, Not Found, Not Found
Huawei Mediapad T3, Huawei MediaPad T3 7, Rs. 16700
Huawei MediaPad X2, Not Found, Not Found
Huawei Ascend Y520, Huawei Ascend Y520,8999
Huawei P8 Max, Huawei P8 Max,50999
Huawei Honor 4C Pro, Not Found, Not Found
Huawei P9 Lite mini, Huawei P9 Lite mini,20099
Huawei MediaPad 10 Link, Not Found, Not Found
Huawei nova 4, Huawei Nova 4e,42999
Huawei Nova Young 4G LTE, Not Found, Not Found
Huawei MediaPad T1, Not Found, Not Found
Huawei Ascend D2 HW-03E for DoCoMo, Not Found, Not Found
Huawei Y3II, Huawei Y3II,9490
Huawei P9 Lite, Huawei P9 Lite mini,20099
Huawei P30 Pro Premium Edition, Not Found, Not Found
Huawei G7 Plus, Huawei G7 Plus, NA
Huawei Mate 9 Porsche Design, Huawei Mate 9 Porsche Design,142449
Huawei Mate 30 Pro 5G, Huawei Mate 30 Pro 5G,194999
Huawei Ascend Mate 2, Not Found, Not Found
Huawei Honor 8A Pro, Not Found, Not Found
Huawei Y3 (2018), Not Found, Not Found
Huawei Mate Xs 5G, Not Found, Not Found
Huawei Y5P, Huawei Y5p, Rs. 14100
Huawei Honor 6A Dual SIM, Not Found, Not Found
Huawei Y5 Pro, Not Found, Not Found
Huawei Y5II, Huawei Y5II,10999
Huawei Honor 7, Huawei Honor 7S,14789
Huawei P Smart 2020, Not Found, Not Found
Huawei Mediapad T1 8.0 Pro 4G, Not Found, Not Found
Huawei Nova Smart, Not Found, Not Found
Huawei Y6 II, Not Found, Not Found
Huawei Honor 6C Dual SIM LTE, Not Found, Not Found
Huawei Mate 40 Pro, Huawei Mate 40 Pro,150400
Huawei Ascend P6 S - L04, Not Found, Not Found
Huawei Ascend G6, Huawei Ascend G6,22899
Huawei Ascend GX1, Not Found, Not Found
Huawei SnapTo, Not Found, Not Found
Huawei Honor 5C 3GB RAM, Not Found, Not Found
Huawei Y3C, Not Found, Not Found
Huawei Honor 6X, Huawei Honor 6x,26500
Huawei P9 Lite Smart, Not Found, Not Found
Huawei GR3, Huawei GR3,13999
Huawei Honor 5A, Huawei Honor 5A,11500
Huawei nova 3i, Huawei Nova 3i, Rs. 36999
Huawei Mate 10, Huawei Mate 10,29000
Huawei P smart 2021, Huawei P Smart 2021,43999
Huawei nova 3e, Huawei Nova 3e, NA
Huawei Mate S Dual, Not Found, Not Found
Huawei Honor 8X Max, Huawei Honor 8X Max,38300
Huawei Maimang 5, Not Found, Not Found
Huawei Ascend Y550-L02, Not Found, Not Found
Huawei MediaPad M5 10.8, Not Found, Not Found
Huawei Ascend XT, Not Found, Not Found
Huawei MediaPad T3 7.0, Not Found, Not Found
Huawei Mediapad T5, Not Found, Not Found
Huawei MediaPad M5 (WIFI), Not Found, Not Found
Huawei Compact, Not Found, Not Found
Huawei P9 Lite Dual SIM LTE, Not Found, Not Found
Huawei Honor V9, Not Found, Not Found
Huawei MediaPad M5 Lite 8.0, Not Found, Not Found
Huawei Honor Note 10, Huawei Honor Note 10,61400
Huawei P Smart, Huawei P Smart 2021,43999
Huawei Y9, Huawei Y9a, Rs. 43999
Huawei Honor 6 Plus, Huawei Honor 6 Plus,34499
Huawei Mate 20 lite, Huawei Mate 20 Lite,70000
Huawei MediaPad T2 7.0, Not Found, Not Found
Huawei Y5 Prime 2018, Not Found, Not Found
Huawei Mate 10 Pro, Huawei Mate 10 Pro,82990
Huawei Honor V8, Huawei Honor V8,39000
Huawei MediaPad T3 10, Huawei MediaPad T3 10, Rs. 28699
Huawei Ascend, Huawei Ascend Y520,8999
Huawei P40 Pro, Huawei P40 Pro Plus,199999
Huawei Nova Lite Plus, Not Found, Not Found
Huawei Honor 6, Huawei Honor 6A,53700
Huawei Honor 5 Play, Not Found, Not Found
Huawei Y7 2017, Not Found, Not Found
Huawei Y6 (2018), Not Found, Not Found
Huawei Enjoy 6, Huawei Enjoy 6,19000
Huawei Ascend P6, Huawei Ascend P6,35500
Huawei Nova 4, Huawei Nova 4e,42999
Huawei Honor 8C, Huawei Honor 8C,26499
Huawei Y6 PRIME 2018, Not Found, Not Found
Huawei Y7 Prime 2018, Huawei Y7 Prime 2018,22499
Huawei Honor V10, Not Found, Not Found
Huawei Mate RS Porsche Design, Not Found, Not Found
Huawei Mate 20 X (5G), Not Found, Not Found
Huawei Honor 7i, Huawei Honor 7i,25149
Huawei MediaPad M3 Lite 8.0, Not Found, Not Found
Huawei Nova, Huawei Nova 8 Pro, Rs. 97999
Huawei P Smart 2019, Huawei P Smart 2019,39999
Huawei MediaPad M5 Lite 10, Not Found, Not Found
Huawei P10 Lite, Huawei P10 Lite,31999
Huawei Y7 Pro, Huawei Y7 Pro 2019,23999
Huawei Y6 2019, Huawei Y6 2019,18999
Huawei Honor 9I, Huawei Honor 9i Play,33700
Huawei nova 7i, Huawei Nova 7i, Rs. 41999
Huawei Ascend G700, Not Found, Not Found
Huawei P20, Huawei P20 Pro, Rs. 99999
Huawei Honor 5c 2GB RAM, Not Found, Not Found
Huawei Mate 30 Pro, Huawei Mate 30 Pro 5G,194999
Huawei Ascend D2, Not Found, Not Found
Huawei Honor 4A, Not Found, Not Found
Huawei P30 Lite, Huawei P30 Lite, Rs. 39999
Huawei Honor 4C, Huawei Honor 4C,15000
Huawei Mate 20, Huawei Mate 20 Pro, Rs. 119999
Huawei G Play Mini, Not Found, Not Found
Huawei Honor 3X, Huawei Honor 3X G750,22999
Huawei Magic 2, Not Found, Not Found
Huawei Ascend G630, Not Found, Not Found
Huawei Mediapad M1 8.0, Not Found, Not Found
Huawei LUMIERE, Not Found, Not Found
Huawei P20 Lite, Huawei P20 lite (2019),34999
Huawei MediaPad M3 Lite 10, Not Found, Not Found
Huawei Mate S, Huawei Mate S,44949
Huawei Honor Play 4C, Not Found, Not Found
Huawei MediaPad T1 8.0, Not Found, Not Found
Huawei MediaPad M3 Lite, Not Found, Not Found
Huawei MediaPad T2 10.0 Pro, Not Found, Not Found
Huawei dtab Compact, Not Found, Not Found
Huawei GR5 (2017), Not Found, Not Found
Huawei Mate 10 Lite, Huawei Mate 10 Lite,34999
Huawei Honor V20, Not Found, Not Found
Huawei P9 Premium Edition, Not Found, Not Found
Huawei Enjoy 8E, Not Found, Not Found
Huawei Ascend G615, Not Found, Not Found
Huawei G9 Lite, Not Found, Not Found
Huawei Honor Holly, Huawei Honor Holly,15000
Huawei P9 Plus, Huawei P9 Plus,58899
Huawei Mate 9, Huawei Mate 9,54449
Huawei P10, Huawei P10 Plus,71999
Huawei Ascend Y560, Not Found, Not Found
Huawei Y6p, Huawei Y6p, Rs. 20899
Huawei Ascend P7, Huawei Ascend P7,40990
Huawei Honor 5X, Huawei Honor 5X,15399
Huawei Nova 2, Huawei nova 2s,33999
Huawei Honor 7s, Huawei Honor 7S,14789
Huawei Mate 20 Lite, Huawei Mate 20 Lite,70000
Huawei Mate 20 Pro, Huawei Mate 20 Pro, Rs. 119999
Huawei Honor 9X, Not Found, Not Found
Huawei Ascend P7-L00, Not Found, Not Found
Huawei Y9 2019, Not Found, Not Found
Huawei Y3 (2017), Huawei Y3 (2017),13899
Huawei P smart, Huawei P Smart 2021,43999
Huawei Enjoy 5, Not Found, Not Found
Huawei Enjoy 9, Huawei Enjoy 9e,29999
Huawei Honor 3X Pro, Not Found, Not Found
Huawei Honor 7A Pro, Not Found, Not Found
Huawei P10 Plus, Huawei P10 Plus,71999
Huawei Honor 6A Pro, Not Found, Not Found
Huawei Honor 8, Huawei Honor 8C,26499
Huawei nova 2s, Huawei nova 2s,33999
Huawei Ascend Mate, Huawei Ascend Mate 7,24999
Huawei Enjoy 5S, Not Found, Not Found
Huawei nova Lite 3, Not Found, Not Found
Huawei Mate 9 Pro, Huawei Mate 9 Pro,70999
Huawei Honor Play 8A, Not Found, Not Found
Huawei NOVA 3I, Huawei Nova 3i, Rs. 36999
Huawei Y5 (2017), Not Found, Not Found
Huawei Honor 6 Play, Not Found, Not Found
Huawei Honor 3C, Huawei Honor 3C,17500
Huawei Ascend Mate 7, Huawei Ascend Mate 7,24999
Huawei Honor 8X, Huawei Honor 8X Max,38300
Huawei Nova 4e, Huawei Nova 4e,42999
Huawei Ascend Y550, Not Found, Not Found
Huawei P9 Standard Edition, Not Found, Not Found
Huawei Honor 8 Premium, Not Found, Not Found
Huawei Honor Play 6, Not Found, Not Found
Huawei Nova 5i Pro, Huawei nova 5i Pro,69999
Huawei P Smart+ 2019, Not Found, Not Found
Huawei Enjoy 6S, Huawei Enjoy 6s,25500
Huawei Honor 20 lite, Not Found, Not Found
Huawei Ascend G7, Huawei Ascend G7,24249
Huawei Y7p, Huawei Y7p, Rs. 28999
Huawei MediaPad T3 8.0, Not Found, Not Found
Huawei Y6 Pro, Huawei Y6 Pro (2019),18999
Huawei G8, Huawei G8,29949
Huawei Y9 2018, Not Found, Not Found
Huawei Ascend G760-L11, Not Found, Not Found
Huawei Honor 7A, Huawei Honor 7A,18999
Huawei MediaPad T2 7.0 Pro, Not Found, Not Found
Huawei Ascend G740, Not Found, Not Found
Huawei Honor Play 4X, Not Found, Not Found
Huawei Ascend G760-L03, Not Found, Not Found
Huawei Nova Plus, Huawei Nova Plus,28890
Huawei Y9 Prime, Huawei Y9 Prime 2019, Rs. 33999
Huawei Enjoy 7 Plus, Not Found, Not Found
Huawei Honor V9 Play, Not Found, Not Found
Huawei Honor Play, Huawei Honor Play 4T,55000
Huawei Y5, Huawei Y5p, Rs. 14100
Huawei Y6 2017, Huawei Y6 2017,21400
Huawei MediaPad M5 8, Not Found, Not Found
Huawei P-Smart+, Not Found, Not Found
Huawei P30 Pro, Huawei P30 Pro New Edition,140000
Huawei Y9a, Huawei Y9a, Rs. 43999
Huawei Honor 10, Huawei Honor 10 Lite,34999
Huawei GR5, Not Found, Not Found
Huawei MediaPad M2, Not Found, Not Found
Huawei Enjoy 8 Plus, Not Found, Not Found
Huawei Ascend G526, Not Found, Not Found
Huawei Honor 20s, Not Found, Not Found
Huawei Ascend Y625, Not Found, Not Found
Huawei P8, Huawei P8,18999
Huawei Honor ShotX, Not Found, Not Found
Huawei Honor 10 Lite, Huawei Honor 10 Lite,34999
Huawei Honor 7X, Huawei Honor 7X,25999
Huawei Y6, Huawei Y6p, Rs. 20899
Huawei HONOR 7 PLAY, Not Found, Not Found
Hisense Infinity KO, Not Found, Not Found
Hisense INFINITY FAITH 1, Not Found, Not Found
Hisense Infinity H3, Not Found, Not Found
Hisense King Kong, Not Found, Not Found
Haier Haier L7, Not Found, Not Found
HTC Desire Eye, HTC Desire Eye,32000
HTC Desire 620G, HTC Desire 620G,12500
HTC Desire 820, HTC Desire 820q,24499
HTC Desire 626g, HTC Desire 626G+,15000
HTC Desire 626s, HTC Desire 626s,22000
HTC Desire 530, HTC Desire 530,14849
HTC One Mini 2, HTC One Mini 2, Rs. 26999
HTC One M8 Eye, Not Found, Not Found
HTC One A9s, HTC One A9s,21900
HTC Desire 19+, HTC Desire 19+,49999
HTC One M8, HTC One M8 Prime,30700
HTC U11+, HTC U11+,92999
HTC Desire 630, HTC Desire 630,14499
HTC One M8x LTE-A, Not Found, Not Found
HTC One Max, HTC One Max,28000
HTC One E8, HTC One E8, Rs. 50000
HTC U12 Plus, HTC U12 Plus, Rs. 112999
HTC One M9+, HTC One M9+,41000
HTC J Butterfly, Not Found, Not Found
HTC Desire 728G dual sim, Not Found, Not Found
HTC One M9, HTC One M9, Rs. 47900
HTC HTC Deluxe, Not Found, Not Found
HTC HTC Desire 820 mini, Not Found, Not Found
HTC 10, HTC 10, Rs. 51500
HTC HTC One Dual Sim, Not Found, Not Found
HTC HTC Desire, Not Found, Not Found
HTC Desire 10 Pro, HTC Desire 10 Pro,24899
HTC One X10, HTC One X10,32500
HTC Desire 820G+, HTC Desire 820G+,15999
HTC One X, HTC One X9, Rs. 37500
HTC Desire 626, HTC Desire 626s,22000
HTC One A9, HTC One A9, Rs. 51999
HTC J One, Not Found, Not Found
HTC Desire 626 (USA), Not Found, Not Found
HTC HTC One M8, Not Found, Not Found
HTC Desire 626g+, HTC Desire 626G+,15000
HTC Butterfly 3, HTC Butterfly 3,57500
HTC One X9, HTC One X9, Rs. 37500
HTC Butterfly J, Not Found, Not Found
HTC Desire 510, HTC Desire 510,17000
HTC M8, Not Found, Not Found
HTC Droid DNA, HTC Droid DNA,66899
HTC U Play, HTC U Play,25800
HTC Butterfly 2, HTC Butterfly 2,30500
HTC Desire 10 Lifestyle, HTC Desire 10 Lifestyle,24999
HTC U11, HTC U11 Plus, Rs. 80799
HTC Desire, HTC Desire 610, Rs. 33000
Gionee Elife E8, Not Found, Not Found
Gionee Marathon, Not Found, Not Found
General Mobile 5 Plus, General Mobile 5 Plus, Rs. 35555
Fujitsu ARROWS NX F-06E for DoCoMo, Not Found, Not Found
Fujitsu ARROWS A 202F for Softbank, Not Found, Not Found
Fujitsu Disney Mobile on docomo F-03F for DoCoMo, Not Found, Not Found
Fujitsu Arrows A-301F, Not Found, Not Found
Fujitsu Arrow Tab, Not Found, Not Found
Fujitsu Arrows Tab FJT21, Not Found, Not Found
Fujitsu ARROWS Z FJL22 for KDDI, Not Found, Not Found
Fujitsu arrows SV F-03H, Not Found, Not Found
Fujitsu Arrows Fit, Not Found, Not Found
Fujitsu ARROWS Tab F-03G, Not Found, Not Found
Fujitsu ARROWS NX F-01F for DoCoMo, Not Found, Not Found
Fujitsu Disney Mobile on docomo F-07E for DoCoMo, Not Found, Not Found
Fujitsu ARROWS A 201F for Softbank, Not Found, Not Found
Fujitsu Arrows NX, Not Found, Not Found
Fujitsu Arrows Tab, Not Found, Not Found
Fujitsu ARROWS S EM01F for Y!mobile, Not Found, Not Found
Fujitsu Arrows U, Not Found, Not Found
Fly Tornado One, Not Found, Not Found
Fly Intruder, Not Found, Not Found
FREETEL PRIORI 3S LTE, Not Found, Not Found
FREETEL Raijin, Not Found, Not Found
FREETEL Samurai Rei, Not Found, Not Found
FREETEL Priori3, Not Found, Not Found
Essential Phone, Not Found, Not Found
Ellipsis 8 HD tablet, Not Found, Not Found
E-tel Premire, Not Found, Not Found
DoCoMo Optimus it, Not Found, Not Found
DoCoMo arrows NX F-01J, Not Found, Not Found
DoCoMo Xperia GX, Not Found, Not Found
DoCoMo arrows NX F-02H, Not Found, Not Found
DoCoMo Arrows NX F-02G, Not Found, Not Found
DoCoMo Galaxy SIII LTE, Not Found, Not Found
Dell Venue 10 5000 Series, Not Found, Not Found
Dell Venue 8, Not Found, Not Found
Coolpad Cool 3, Not Found, Not Found
Coolpad Catalyst, Not Found, Not Found
Coolpad Legacy, Not Found, Not Found
Coolpad Note 3, Not Found, Not Found
Boost Mobile Boost View 5.0, Not Found, Not Found
BlackBerry Blackberry Motion, Not Found, Not Found
BlackBerry KEY2 LE, BlackBerry KEY2 LE,53300
BlackBerry KEY2, BlackBerry KEY2 LE,53300
BlackBerry DTEK60, BlackBerry DTEK60,39399
BlackBerry Priv, BlackBerry Priv, Rs. 44000
BlackBerry Keyone, BlackBerry Keyone,55490
Asus MeMO Pad 7, Not Found, Not Found
Asus Zenfone Max Pro (M1) ZB601KL, Asus Zenfone Max Pro (M1) ZB601KL,24300
Asus Zenfone Selfie, Asus Zenfone Selfie ZD551KL,22149
Asus Zenfone 4 Selfie ZD553KL, Asus Zenfone 4 Selfie ZD553KL,27900
Asus ZenFone 3 Zoom, Asus Zenfone 3 Zoom ZE553KL,34000
Asus Zenfone 3 Max, Not Found, Not Found
Asus ZenFone 5, Asus Zenfone 5 ZE620KL,47500
Asus ZenPad 8, Not Found, Not Found
Asus ROG Phone 3, Asus ROG Phone 3,103999
Asus ZENFONE 4 ZE554KL, Asus Zenfone 4 ZE554KL,49000
Asus Zenfone 3 ZE520KL, Asus Zenfone 3 ZE520KL,29000
Asus FonePad 7, Not Found, Not Found
Asus Zenfone Max, Asus Zenfone Max Pro M3,28000
Asus Zenpad Z8s, Not Found, Not Found
Asus Zenfone 4 Max, Asus Zenfone 4 Max Pro ZC554KL,27500
Asus ZenFone Max Plus M1 (ZB570TL), Not Found, Not Found
Asus ROG Phone 5, Asus ROG Phone 5,109999
Asus Zenfone 7 ZS670KS, Not Found, Not Found
Asus Memo Pad 8, Not Found, Not Found
Asus ZenFone 2, Asus Zenfone 2 Deluxe ZE551ML,33499
Asus Zenfone Live L1, Not Found, Not Found
Asus Zenpad S 8.0, Not Found, Not Found
Asus Zenfone 3 ZE552KL, Asus Zenfone 3 ZE552KL,37099
Asus Zenfone 5 Lite, Asus Zenfone 5 Lite A502CG,11500
Asus Memo Pad HD7, Not Found, Not Found
Asus Zenfone 5, Asus Zenfone 5 ZE620KL,47500
Asus Zenfone Go 5.5, Not Found, Not Found
Asus Pegasus 3, Not Found, Not Found
Asus ROG Phone II, Asus ROG Phone II ZS660KL,91000
Asus Zenfone 3 Laser, Not Found, Not Found
Asus Zenfone 2 Laser, Asus Zenfone 2 Laser ZE601KL,25499
Asus ROG Phone, Asus ROG Phone 5,109999
Asus Zenfone 6, Asus Zenfone 6,84999
Asus Zenfone V V520KL, Asus Zenfone V V520KL,36500
Andy Android Emulator, Not Found, Not Found
Amazon Fire 7 Tablet, Not Found, Not Found
Amazon Kindle Fire HD 8 (2017), Not Found, Not Found
Amazon Fire 7 (2017), Not Found, Not Found
Amazon Fire HD 8 (2018), Not Found, Not Found
Amazon Fire HD 7 (4th Gen), Not Found, Not Found
Amazon Fire HD 10 (2019), Not Found, Not Found
Amazon Fire HD 10 (2017), Not Found, Not Found
Amazon Fire Phone, Not Found, Not Found
Amazon Kindle Fire HD 7, Not Found, Not Found
Amazon Fire, Not Found, Not Found
Amazon Fire HD 8 (2020), Not Found, Not Found
Amazon Kindle Fire HD 8.9, Not Found, Not Found
Alcatel 3X, Alcatel 3X, Rs. 19999
Alcatel Pixi 4 Plus Power, Not Found, Not Found
Alcatel Joy Tab, Not Found, Not Found
Alcatel 1X, alcatel 1x (2020),22999
Alcatel Pixi 4 7.0, Not Found, Not Found
Alcatel 3X (2019), alcatel 3x (2019),19999
Alcatel Pop 4S, Alcatel Pop 4S, Rs. 13999
Alcatel 3L, alcatel 3L, NA
Alcatel Raven, Not Found, Not Found
Alcatel 3C, Not Found, Not Found
Alcatel Pixi 3 (7), Not Found, Not Found
Alcatel PIXI 4(6), Not Found, Not Found
Alcatel 3v, alcatel 3v,26999
Alcatel 1SE, Alcatel 1SE, Rs. 16499
Alcatel Pixi 3 (3.5), alcatel Pixi 3 (3.5),15000
Alcatel 1C, Not Found, Not Found
Alcatel 3V (2019), alcatel 3v (2019),26999
Alcatel 1V (2020), alcatel 1V (2020),14999
Alcatel 1x (2019), Alcatel 1x (2019),20999
Alcatel A7 XL, alcatel A7 XL,29999
Alcatel 1B 2020 Global, Not Found, Not Found
Alcatel Shine Lite, alcatel Shine Lite,23300
Alcatel 1S, Alcatel 1SE, Rs. 16499
Alcatel 3X (2020), Not Found, Not Found
Alcatel 1T 10, alcatel 1T 10,16999
Alcatel A5 LED, alcatel A5 LED,22100
Alcatel X1, Alcatel X1, Rs. 19999
Alcatel Essential Plus, Not Found, Not Found
Alcatel Pop 4+, alcatel Pop 4+,9999
Alcatel 5V, alcatel 5V,30400
Alcatel U50, Not Found, Not Found
Alcatel Pixi 4 5.0, Not Found, Not Found
Alcatel PIXI 4 (5), alcatel Pixi 4 (5),8450
Alcatel A30 Fierce, Not Found, Not Found
Alcatel 3T 10, alcatel 3T 10,18999
Alcatel 3T 8, Not Found, Not Found
Alcatel Pixi 3 (4.5), alcatel Pixi 3 (4.5),6643
Alcatel POP 4 (6), Not Found, Not Found
Alcatel Pixi 4 5.5, Not Found, Not Found
Alcatel A30, Not Found, Not Found
Alcatel Idol 4, Alcatel Idol 4s, Rs. 49500
Alcatel One Touch Idol 3 Dual SIM, Not Found, Not Found
Alcatel Pop Up, Alcatel Pop Up, Rs. 12999
Alcatel One Touch Pixi 3 (8.0), Not Found, Not Found
Alcatel Pixi 4 (4), alcatel Pixi 4 (4),6999
Alcatel 3L (2020), Not Found, Not Found
Alcatel OneTouch Pixi 3 (7), Not Found, Not Found
Alcatel 1S (2020), Alcatel 1S (2020),15999
Alcatel One Touch Pixi 4 7.0 3G, Not Found, Not Found
Alcatel U5, alcatel U5,11000
Alcatel A3 10, Not Found, Not Found
Alcatel 1V, alcatel 1v 2019,12999
Alcatel 1T 7, Not Found, Not Found
Acer Liquid E700, Not Found, Not Found
Acer Picasso, Not Found, Not Found
Acer Iconia Tab 10, Not Found, Not Found
Acer Liquid Zest Plus, Acer Liquid Zest Plus,20500
Acer Iconia One 10, Not Found, Not Found
AT&T Emblem Radiant, Not Found, Not Found
AT&T Primetime, Not Found, Not Found