Name, Price
Sony Xperia 1 III,200700
Realme C21Y,24500
Samsung Galaxy A03s,21999
Samsung Galaxy Z Fold3 5G,315900
Alcatel 1L Pro (2021),24999
Huawei Mate 40E,103400
Realme C11 (2021),17999
Huawei Mate 40 Pro,150400
Vivo X60t Pro+,122200
Huawei Mate X2 4G,449999
Honor X20 SE,45200
Vivo Y52 5G,45120
Tecno Spark 7T,19300
Tecno Spark Go 2021,13999
Infinix Zero X,35999
OnePlus Nord2,67999
Oppo A93s 5G,48880
Samsung Galaxy F22,44999
alcatel 1 (2021),11280
Honor 50 SE,57850
Nokia 105 4G,2800
Nokia 110 4G,5000
OnePlus Nord N200 5G,37400
Oppo Reno6 Z,78000
Tecno Phantom X,38999
vivo V21e 5G,45000
Samsung Galaxy M32,31800
Nokia C30,19999
Honor 50 Pro,87999
Honor 50,67999
Realme C25s,21999
Samsung Galaxy A22,23999
Vivo V21,59999
Oppo Reno 6 Pro,78999
Oppo Reno 6,61999
Vivo Iqoo Neo 5 Lite,47999
Google Pixel 6 Pro,189999
Tecno Pop 4,10699
Xiaomi Poco M3 Pro,32999
Honor Play 5 5G,49999
Infinix Note 10 Pro,30999
Samsung Galaxy Z Fold 3,344999
Nokia 2720 V Flip,14999
Xiaomi Poco M3 Pro 5G,32999
Realme Narzo 30,32999
Tecno Spark 7 Pro,21999
Xiaomi Redmi K40 Gaming,39999
Samsung Galaxy M42,54999
Xiaomi Mi 11X,59999
Tecno Spark 7p,24999
OnePlus Nord N100,21999
Nokia X10,49999
Tecno Spark 7,24999
Oppo A95,58999
Vivo X70 Pro+,153999
Oppo A74,39999
Xiaomi Mi 11 Lite,43149
Xiaomi Poco F3,55999
Samsung Galaxy A82,97999
Oppo F19,39999
Realme V13 5G,39999
Xiaomi Mi 11 Pro,118999
Realme Narzo 30 Pro,43999
Realme 8 Pro,47999
Realme 8,39999
OnePlus 9 Pro,137999
Realme Nazro 30A,20599
Poco X3 Pro,41999
Xiaomi Mi 11 Ultra,149999
Vivo Y72 5G,49999
Realme C25,26699
Oppo Find X3 Pro,185999
Oppo Find X3,129999
Nokia 225 4G,6208
Nokia 6300 4G,9500
Nokia 8000 4G,13500
Vivo S9e,57999
Realme C21,19999
Realme GT 5G,89999
Oppo F19 Pro,45399
Vivo S9,57999
Tecno Camon 16 Pro,29999
Samsung Galaxy F62,55999
OnePlus 9,129999
Realme Narzo 30A,20599
Xiaomi Redmi Note 10,30399
Motorola Moto G10,28999
Motorola Moto G30,28999
Samsung Galaxy F62,55999
Samsung Galaxy M12,29999
Samsung Galaxy A72,63449
Samsung Galaxy A32,37199
Samsung Galaxy A52,57000
Huawei Y6 2019,18999
Huawei Mate 40 Pro+,267999
Samsung Galaxy M31s,47999
Vivo Y20 2021,25999
QMobile E4x,2199
QMobile E4i Classic,2260
Asus ROG Phone 5,109999
Samsung Galaxy A02,16649
Samsung Galaxy M02,16999
Motorola Edge S,48999
Oppo A55,38999
Samsung Galaxy M02s,16999
Nokia 1.4,15999
Infinix Hot 10 Play,14899
Vivo Y20G,32999
Realme C20,21999
Vivo Y31,31990
Jazz Digit 4G,4099
Honor V40,98999
Samsung Galaxy M62,64999
Vivo Y12s,18299
Samsung Galaxy S21 Ultra,205999
Samsung Galaxy S21 Plus,194999
Samsung Galaxy S21,169999
Vivo Y20s,27090
Oppo Reno5,55899
Vivo Y31s,37999
Oppo Reno 5 Pro,99000
Vivo IQOO 7,91999
Xiaomi Redmi 9T,27999
OnePlus Nord N10,47999
Oppo A15s,24599
Xiaomi Mi 10i 5G,39999
Xiaomi Redmi Note 10 Pro,42999
Samsung Galaxy A02s,18199
itel A36,8499
itel A25 Pro,9399
itel A48,11699
itel Vision 1,11999
itel Vision One Plus,14999
Vivo Y52s,49999
Samsung Galaxy A12,26035
Vivo V20 2021,51599
Vivo X60 Pro,122449
Nokia C1 Plus,9199
Nokia 5.4,31999
Xiaomi Poco M3,26999
Oppo Reno 5 Pro 5G,104000
Oppo Reno 5 5G,55999
Tecno Camon 16 S,21999
Oppo Reno 5 Pro+,115000
Tecno Spark 6 Go,15999
Nokia 3.4,18948
Infinix Note 8i,24599
Xiaomi Black Shark 4,89000
Huawei Y7a,32200
Samsung Galaxy S20 FE,105899
Infinix Note 8,29999
OnePlus 8T,103999
Vivo V20 SE,41599
Realme Nazro 20,24999
Huawei P Smart 2021,43999
Vivo V20,54999
Samsung Galaxy F41,37999
Infinix Hot 10,18899
Tecno Spark 6,18498
Xiaomi Mi 10T,66499
Xiaomi Mi 10T Pro,109999
Infinix Hot 9 Play,14899
Oppo A93,53999
Xiaomi Mi 10 Lite,63999
TECNO Camon 16,31099
TECNO Camon 16 Premiere,39999
Xiaomi Redmi 9 Prime,18999
ZTE Axon 20 5G,87000
Oppo A53,26390
Vivo Y20,23199
Vivo Y20i,23999
Realme C3i,14999
Realme C17,28999
Infinix Zero 8i,30699
Infinix Zero 8,34199
Huawei Y9a,41349
Realme C12,16500
Realme X7 Pro,59999
Realme X7,49999
Oppo Reno 4Z 5G,52000
Infinix Smart 5,15999
Xiaomi Redmi K30 Ultra,61000
Xiaomi Mi 10 Ultra,175999
Nokia C3,17999
Vivo X60s 5G,76999
Xiaomi Black Shark 3s,156000
Nokia TA-1258,21999
Vivo IQOO U1,89999
Realme C15,22999
Realme V5 5G,37000
Asus Zenfone 7 Pro,109000
Asus Zenfone 7,95999
Xiaomi Mi Note 11 Pro,179999
HTC Wildfire E2,33000
ZTE Nubia Red Magic 5s,69999
Xiaomi Mi 11,99000
Huawei Enjoy 20s,47000
OnePlus Nord Lite,30000
Nokia 2.4,15748
QMobile View Max Pro,13066
TCL 10 SE, RS
TCL 10 Plus, RS
Tecno Spark 5 Pro,18239
Alcatel 1SE,18499
Samsung Galaxy Z Fold 2,264499
Asus ROG Phone 3,103999
Honor Magic 3, RS
Motorola Moto G 5g, RS
Galaxy A01 Core,13999
Xiaomi Redmi 10C, RS
Realme C11,15799
LG Harmony 4,27999
Honor Play 4e,35000
QMobile Rocket Pro,8930
OnePlus Nord,89999
TCL 10 Pro,69999
LG Velvet,69999
Tecno Spark 5 Air,14499
Vivo Z5x 2020,31999
Vivo iQOO Z1x,42000
Vivo S6 Pro 5G,60000
Honor X10 Max,70000
Vivo V19 Neo,40000
Honor Play 4,41000
Honor 8A 2020,26000
Honor 30 Pro 5G,110000
Xiaomi Mi CC10 Pro 5G,98700
Xiaomi Mi 10 Pro Plus,116900
Oppo A11k,18999
Nokia 2v Tella,11999
Huawei P Smart S,50000
Huawei Enjoy 20 Pro,50000
Huawei nova 6z,83000
Samsung Galaxy S20 Lite,148999
Samsung galaxy S11 Lite 5G,200000
Samsung galaxy S11 Lite,170000
Realme X50t 5G,91000
Realme X70 Pro,90000
Realme X70,80000
Xiaomi Redmi K50 Pro,80000
Xiaomi Redmi K50,70000
Xiaomi Redmi K40 Pro,75000
Xiaomi Redmi K40,68000
Vivo X50 Pro Plus,118999
Vivo S2 Pro,63999
Vivo S2,50000
Oppo A72,53000
Oppo A72s,41999
Oppo Ace 2 Eva Edition,100000
Oppo A13e,28999
Oppo Reno 4 Pro,81000
OnePlus Z, NA
Xiaomi Redmi 9C,16998
Nokia C2 Tennen,11690
Realme 6s,41999
Realme X50 T 5G,91800
Samsung Galaxy S21 Lite,227000
Samsung Galaxy S11 Pro,200000
Honor Play 4 Pro,80000
ZTE Nubia M2 Play,18999
ZTE Axon 11 SE 5G,80000
ZTE Axon 11 SE,61790
Xiaomi Redmi Note 20 Pro,70000
Xiaomi Redmi Note 20,61000
Oppo Reno 4 Pro 5G,130000
Oppo Reno 4 5G,120000
Honor 30 Pro Plus,155000
Honor 9S,22000
Nokia C5 Endi,28999
vivo Y70s,49000
Huawei Nova 8 Pro 5G,91000
ZTE Blade 10,41500
Huawei Nova 8 SE,66000
HTC Desire 20,40000
HTC Desire 20 Pro,66800
LG Q92,40000
Samsung Galaxy S20 Tactical Edition,120000
Huawei Nova 8 5G,75500
ViVo G1 5G,70000
LG Q62,27000
LG Q63,29000
LG Q33,28999
LG Q32,26000
Vivo Y50s,75000
LG Q93,35000
Xiaomi POCO M2,55000
Xiaomi POCO M2 Pro,66000
Huawei Enjoy Z 5G,64000
Honor X10 5G,43000
OnePlus 8 5G (T-Mobile),114000
OnePlus 8 5G UW (Verizon),90000
vivo Y30,27999
vivo iQOO Neo3 5G,70000
Lenovo K7,35000
Infinix Note 7 Lite,21099
Xiaomi Redmi K30 5G Racing,52000
Infinix Note 7,23949
Nokia 2720 Flip,8000
Huawei Y8p,29299
Samsung Galaxy A21s,28999
Tecno Pouvoir 4 Pro,21999
Tecno Pouvoir 4 Plus,28000
Tecno Pouvoir 4,16999
Sony Xperia 6 Pro,105000
Sony Xperia 6 Plus,97000
Sony Xperia 6,90000
Realme X50m 5G,60000
Realme Narzo 20A,35000
Vivo iQoo Z1 5G,23999
Alcatel TCL Plex,60000
Oppo A52,33400
Nokia 9.3 Pure View,90000
Realme X50 Pro Player Edition,100000
Realme Narzo 10 A,25000
Vivo Slider Phone,120000
Vivo S7 5G,75000
Vivo X50 Lite,50000
Nokia 150 (2020),4849
Nokia 125,5600
Samsung Galaxy Fold Lite,160000
Samsung Galaxy A Quantum,80000
Oppo A12s,24000
Vivo Y70s 5G,64000
Honor X10 Pro 5G,80000
Honor Play 4T Special Edition,40000
Samsung Galaxy S11 Plus 5G,225000
Samsung Galaxy A80s,100000
Meizu 16T Pro,66000
Sony Xperia 10.1 Plus,220000
Sony Xperia 10.1,115000
Realme X50 Youth 5G,80000
Huawei Y8s,29999
Huawei P30 Pro New Edition,140000
Samsung Galaxy J2 Core (2020),15000
Huawei Y6p,19200
Huawei Y5p,13999
Realme X3 5G,60000
Xiaomi Poco F2 Pro 5G,75000
Xiaomi Poco F2 Pro,111999
Oppo A92s 5G,69000
Vivo Y51s,35499
Oppo Reno 3 A,60000
Oppo Ace Infinity,105000
Oppo Ace 3,90000
Oppo A52s,38000
Motorola One Fusion,40000
Motorola One Fusion plus,50000
Oppo Ace 2,85000
Oppo A92s,60000
Vivo Y51,31490
Vivo Y51a,39999
Meizu 17x,65000
Meizu 17 Pro,75000
Xiaomi Mi Note 10 Lite,57999
Realme X3 SuperZoom,79999
Realme X30 Pro,85000
Realme X30,70000
TCL 10L,37999
Vivo Y50,48000
Samsung Galaxy A51 5G,60000
Honor Play 4T Pro,70000
Honor 8A Prime,20800
Huawei Honor Play 4T,55000
Huawei Nova 6 Pro 5G,90000
Huawei Nova 6 Pro,80000
Huawei P50 Pro,165000
Huawei P50,154000
Oppo Find X2 Neo,120000
Huawei Mate 40 Lite,125000
Huawei Mate 40,138000
Oppo Find X2 Lite,87000
Vivo Y91D,15999
Vivo Y21 2020,46000
Vivo V11i,31000
Motorola Moto E6s 2020,17600
Lenovo A6 Note,38000
Lenovo A7,28000
Tecno Spark Go Plus,14500
Huawei Mate 40 Pro,204999
Honor 20 Lite Youth Edition,41600
Honor Magic 3 5G,105000
Honor Magic 3,95000
Honor 9A,21000
Samsung Galaxy Note 20,174599
Samsung Galaxy Note 20 Ultra,191499
Nokia 8.4 5G,92000
Huawei P40 Pro Plus,199999
Nokia 5310 (2020),6580
Honor Play 9A,48999
Realme Narzo 10,24999
Oppo A3 2020,54000
Oppo A19,45000
Oppo A17,55000
Oppo A15,19449
Oppo A13,55000
Oppo F13 Pro,59000
Oppo F13,57000
Oppo K9,80000
Oppo K7s,80000
Oppo K5s,61600
Oppo K7,67000
Oppo Reno 4,55699
Oppo A12e,78000
Oppo A12,67000
Oppo A92, NA
Oppo A41 2020,67000
Oppo A21 2020,55000
Oppo F17 Pro,44499
Oppo F17,36500
Oppo F15 Pro,67000
Oppo A2 2020,66000
Oppo A10 2020,54000
Oppo A8 2020,34000
Oppo Reno Ace 2,80000
Realme X50 5G Master Edition,90000
Realme C3 Pro 2020,18799
Realme X50 Lite,102400
Samsung Galaxy S20 Plus Olympic Edition,185000
Realme 7i,33299
samsung Galaxy M01s,23000
Samsung Galaxy M01,20999
Vivo X27 Pro,48000
ZTE Axon V,65000
ZTE Nubia Z30,75000
ZTE Axon 20,80000
ZTE Axon 11 5G,105000
Oppo A31 2020,28999
Nokia 3.1c,28000
Motorola Edge,80000
Motorola Moto G8 Power Lite,40000
Motorola Moto E7 Play,35000
Motorola One 5G 2020,70999
Motorola Moto G7 Plus,52000
Motorola One Vision,68000
xiaomi Redmi X20,60000
Huawei AQM-AL10, NA
Huawei P40 Plus,105000
Huawei Nova 7 SE 5G,59999
Huawei Mediapad M6 10,45000
Xiaomi Redmi Note 9s,36999
Realme C3s Pro,55000
Honor 30s,59600
Realme C2s Pro,40000
Realme 6i,29999
Samsung Galaxy A8s Lite,45000
Samsung Galaxy A8s FE,52000
LG V45 ThinQ,58000
Xiaomi Redmi Note 9 Pro Max 5G,125000
Sony Xperia 7, NA
Xiaomi Mi 9T Pro,60999
Honor V40 Pro,120000
Honor 10X Pro,105000
Honor 10X,85000
Samsung Galaxy Wide 4,38000
Samsung Galaxy Jean 2,28000
Honor V30 Lite,90000
Honor 30 Pro,89000
Honor 30 Lite,67000
Honor V40,120000
Honor 20 Pro Moschino Edition,58000
Huawei Nova 7 Pro 5G,58000
Xiaomi Redmi Note 9 Pro Max,110000
Xiaomi Poco X3,39198
Xiaomi Mi 10s,89999
Xiaomi Redmi K30 Pro Zoom Edition,160000
Xiaomi Redmi 10X 4G,48000
Meizu 17 Plus,65000
Honor 9X Lite,29999
Honor 9C,41000
Huawei P40 Pro Premium,135000
Huawei Y7 2020,44000
Nokia 8.3 5G,115000
Nokia 8.3 Plus,85000
Nokia 8.3,80000
Nokia 7.3,50000
Nokia 6.3,35000
Nokia 3.3, NA
Oppo Find X2 Pro Lamborghini Edition,134000
Vivo S6 5G,61000
Nokia 5.3,26849
Asus ROG Phone 2,162000
Nokia 800 Tough,19999
Vivo S6,61000
Nokia 105 (2020),2633
Motorola Edge Plus,105999
Xiaomi Black Shark 3,79000
Nokia 2720,9000
Nokia C2 Tava,15000
Samsung Galaxy A90,80999
Sony Xperia 20,58000
LG V60 ThinQ 5G,60000
Nokia 220 4G,6500
Huawei P40 Lite E,31000
Google Pixel 3A,56000
Google Pixel 4a,68999
Nokia 400 4G,7000
Asus Zenfone Max Pro M3,28000
Xiaomi Redmi 9A,14599
Xiaomi Redmi 9,21499
Realme X50,48000
Samsung Galaxy A81,65000
Samsung Galaxy A31,36999
Samsung Galaxy A21,31000
Vivo Nex 3s 5G,45000
Sony S20A,55000
Xiaomi mi 9 SE,59999
Xiaomi Redmi Note 9,29839
Huawei Enjoy 10e,26000
Samsung Galaxy M61,68000
Samsung Galaxy M52,56000
Samsung Galaxy M51,61999
Samsung Galaxy M42,58000
HTC Wildfire R70,65000
Huawei Nova 7,75999
Xiaomi Black Shark 3 Pro,78000
Samsung Galaxy Tab S6 Lite,78000
Samsung Galaxy A9 Pro 2019,78000
Motorola One action,58000
Nokia 4.3,28999
Lenovo Legion,130000
QMobile Phantom P1 Pro,18500
Huawei med-AL00, NA
Oppo Find X2 Pro,185000
Sony Xperia 8,81999
Sony Xperia 9, NA
Sony Xperia 1.1, NA
Nokia TA-1234, NA
Nokia TA-1025, NA
Samsung Galaxy A71 5G,85000
Nokia TA 1212,7000
Vivo Z6 5G,58000
Realme X50 pro 5G,110000
Meizu M9 Note,54000
Meizu 16s Plus,41000
Meizu 17,48000
QMobile QSmart LT200,6999
LG Q51,30000
Telenor Infinity i5,9000
QMobile Rocket Lite,8200
HTC Desire 12 Plus,28999
HTC U12 plus,75000
Sony Xperia 1 MK II, NA
Tecno Camon 15 Pro,27999
Tecno Camon 15,21499
Sony Xperia 1 II, NA
Sony Xperia 10 II,41000
Xiaomi Black Shark 2,53999
Xiaomi Black Shark 3 5G,85000
LG V30S ThinQ,49999
LG Stylo 5,33999
LG Q60,26999
LG K50,31000
LG V40 ThinQ,36999
LG K40,23999
LG W10 Alpha,21999
Realme C3 (3 cameras),21000
Lenovo K6 Enjoy,31999
Lenovo Z6 Pro,43999
Lenovo Z6 Youth,28000
Lenovo Z6 Pro 5G,66000
Samsung Galaxy Xcover 4s,42999
Samsung Galaxy A91 5G,105000
Samsung Galaxy A70e,45999
Sony Xperia L4,56000
Alcatel Idol 4 Pro, NA
TECNO Pop 1 Pro,9000
TECNO Pop 1s,9999
TECNO Camon iACE2X,14000
TECNO Camon iACE2,11500
TECNO Spark 3 Pro,14000
TECNO Spark 3,13000
TECNO Pouvoir 3 Air,11000
TECNO Pouvoir 3 Plus,24000
TECNO Spark 4 Lite,13499
Q mobile GLi,4950
Q Mobile X40 Wonder,10900
LG K51s,71000
LG K41s,62000
LG K61,56000
Sharp Aquos B10,51000
Ulefone T2 Pro,50000
Ulefone Armor 2,31000
Ulefone Armor X,20999
Ulefone Armor X2,22000
Ulefone S1,16999
OnePlus 5T,40999
OnePlus 7 Pro 5G,120000
OnePlus 7T Pro,113000
Sharp Aquos R5G,77999
Infinix Hot 6X,34000
Infinix Hot 7,26000
Infinix Hot 8 Lite,16000
ZTE Blade 10 Prime,29999
ZTE Blade 20,21999
ZTE nubia Red Magic 3s,85999
ZTE nubia Red Magic 3,79999
ZTE Blade A7,16999
ZTE Blade A7 Vita,26999
ZTE nubia Red Magic Mars,71999
ZTE nubia Red Magic,66999
ZTE Blade V10 Vita,29999
ZTE Blade V10,35000
ZTE Axon 10 Pro,77999
ZTE nubia Z20,87999
ZTE nubia X 5G,80000
ZTE Blade A7 Prime,16999
Asus Zenfone 6,84999
Asus ROG Phone II ZS660KL,91000
Microsoft Lumia 850, NA
Microsoft Lumia 1030, NA
Ulefone S11,48999
Ulefone Armor 6E,45000
Ulefone Armor 5S,56000
Ulefone Armor X3,29999
Ulefone Armor X5,32000
Ulefone Armor 3WT,39999
Ulefone Armor 3W,40000
Ulefone Armor 6S,39999
Ulefone T2 Pro,50000
Ulefone Note 7P,36000
Ulefone Note 7,34000
Ulefone T2,34999
Ulefone Armor 7,55999
Ulefone Armor X6,16000
Motorola Moto G8 Power,50999
ZTE nubia Red Magic 5G,139999
Xiaomi Mi 10 5G,56000
Oppo Reno3 Vitality,77999
Nokia 1.3,14999
OnePlus 7T Pro 5G McLaren,134999
vivo Y11 (2019),22999
Sharp Aquos D10,67999
Sharp Aquos Zero,10999
Sharp Aquos V,35999
Meizu Zero,48999
Meizu M10,30999
Nokia 3310 4G,6700
Nokia 105 (2019),2480
Nokia 3.1 C,15000
Nokia C1,8923
Huawei nova 2s,33999
Huawei Y7p,28449
Huawei P30 lite New Edition,60999
alcatel 1T 10,16999
alcatel 3088,4000
alcatel 5,38999
alcatel 3v,26999
alcatel 3x,21999
alcatel 3 (2019),20000
Samsung Galaxy J2 (2018),14000
Samsung Galaxy J7 Prime 2,20000
samsung Galaxy J7 Duo,22000
Samsung Galaxy W2019,40000
Nokia 216,5675
Nokia 210,5100
Nokia 230,7989
Xiaomi Redmi 8A Dual,16999
Motorola Moto G8 Play,25999
Motorola Moto G Power,48999
Motorola Moto G Pro,45999
LG G8S ThinQ,61999
LG W10,23999
LG K50s,33999
LG K20 (2019),17999
LG Q70,67999
G8x ThinQ,48999
Motorola Moto G8,37999
Nokia 5.2,29999
LG V60 ThinQ,97999
vivo iQOO 3 5G,56999
Infinix Zero 6,29999
Indinix S6 pro,34999
Huawei Mate 30 Lite,59999
panasonic eluga z1 pro,33999
Google Pixel C,57999
Lenovo Yoga Smart Tab,54999
HTC Desire 12,22999
HTC Wildfire X,30999
HTC Exodus 1s,37999
Vivo Y81i,20999
Xiaomi Redmi X,63999
Oppo F15s,24000
OPPO R15 PLUS,65999
OPPO R20,66000
OPPO R13, NA
Oppo Find Y,105000
Vivo V19,59999
Smart 5 Black,8400
VGO Tel New 7,5750
Xiaomi Poco F2 Lite,38999
Realme C3,18999
Huawei Nova 7i,39800
Huawei Mate X2,250000
alcatel 1x (2020),22999
alcatel 1s 2019,22999
alcatel 3T 10,18999
alcatel Smart Tab 7, NA
alcatel 1v 2019,12999
alcatel 3v (2019),26999
alcatel 1B (2020),11000
alcatel 1V (2020),14999
Alcatel 1S (2020),15999
Huawei MediaPad M6 Turbo 8.4,60999
Samsung Galaxy Tab A 10.1 (2019),21949
Samsung Galaxy Tab S5e,69000
Samsung Galaxy View 2,112999
Samsung Galaxy Tab A 8.0 (2019),22999
Samsung Galaxy Tab S6,102000
Nokia 9.2, NA
Xiaomi Mi 10 Pro, NA
Xiaomi Mi 10,149999
Xiaomi Mi 10 pro 5G, NA
Sony Xperia 2,59999
Samsung Galaxy A60s,55000
Samsung Galaxy A50e,45000
Samsung Galaxy A40e,42000
Samsung Galaxy A40s,38000
Samsung Galaxy A30e,35000
Samsung Galaxy M80s,95000
Samsung Galaxy M80,89999
Samsung Galaxy M70s,90000
Samsung Galaxy M70,80999
Samsung Galaxy M60s,70999
Samsung Galaxy M50s,65999
Samsung Galaxy M40s,60999
Gfive G6 Plus,6000
Samsung Galaxy S20 plus 5G,187999
Samsung Galaxy A90s,99999
Oppo A9s,29999
Oppo Reno 2Z,69999
Oppo Reno S,89999
Sony Xperia 4, NA
Motorola One Zoom, NA
Motorola Moto G8 Plus, NA
Motorola One Hyper,89999
Sharp Aquos R2 compact,79999
Meizu 16T,59999
Vivo Apex 2020, RS
Infinix S5 Pro,19999
Infinix S6,21500
Huawei Y6s 2020,19049
OnePlus 5, NA
OnePlus 7 Pro 5G,118000
TCL Plex, NA
HTC desire 19s,35999
HTC Desire 19 Plus,28999
Huawei P30 Lite 2020,61999
Samsung Galaxy Z Flip,184999
Samsung Galaxy W20 5G,327999
Samsung Galaxy M50,45999
Oppo F15,38200
Honor 10N,59999
Xiaomi Poco X2,79999
Samsung Galaxy M31,44999
Samsung Galaxy M11,23749
Asus Zenfone 6,84999
Google Pixel 5 XL, NA
Google Pixel 5,122499
Realme X3 pro, NA
Realme X3,39999
Realme 6,41999
Realme 7 Pro,47000
Realme 7,35000
Samsung Galaxy S20 Plus,187999
Samsung Galaxy S20 Ultra 5G,154499
Huawei P40 Pro,134999
Huawei P40,149999
Samsung Galaxy Note 11,159999
Samsung Galaxy Note 11 Lite,169999
Samsung Galaxy Note 11 Plus,189999
LG G8 ThinQ Android 10,39999
Realme X2 Pro, NA
Realme C2s, NA
Honor Magic 2 3D,103999
Samsung Galaxy Xcover Pro,86999
Xiaomi Redmi Note 9 Pro,40999
Realme X50 5G,84999
Xiaomi Mi A4, NA
OnePlus 8,89999
Samsung Galaxy M60,59999
Xiaomi Redmi K30 Pro,64999
Vivo v19 Pro,78999
Realme 6 Pro,46000
Samsung Galaxy S20,162449
vivo X30 Pro,92999
Honor V30 Pro,90000
LG V50S ThinQ 5G, NA
vivo X30,77999
Xiaomi Mi Note 10,89999
Xiaomi Mi Note 10 Pro,89999
Samsung Galaxy Note 10 Lite,99999
Xiaomi Mi 9 Pro 5G,94999
Xiaomi Mi 9 Pro,88999
Xiaomi Mi CC9 Pro,60999
Xiaomi Redmi K30,37999
Huawei Y6s (2019),18900
Oppo K5,54999
Huawei P40 lite,48500
Tecno camon 11 pro,29999
Tecno Camon 11, NA
Tecno Pop 3,8499
Sony Xperia 5 Plus, NA
Lenovo K10 Note,24999
alcatel 3, NA
alcatel 3L, NA
alcatel 3x (2019),19999
Huawei Enjoy 10,25999
Huawei Mate 30 RS Porsche Design,463000
Huawei Enjoy 10s,34999
Huawei MatePad Pro,77999
Huawei P smart Pro 2019,60999
Huawei nova 6 5G,43999
Oppo A7n,34999
vivo Z1x,49999
vivo NEX 3,109999
Infinix Zero 6 Pro,45000
Infinix Smart 4c,15500
Samsung Galaxy Note 10 5G,169999
Samsung Galaxy Fold 5G,310000
ZTE Axon 10s Pro 5G,105000
Honor Play 3e,16999
Xiaomi Redmi 8A,16499
Oppo A11,34999
Oppo A8,25999
LG W30, NA
LG Neon Plus,68999
xiaomi redmi k20 pro premium,62999
Tecno pouvoir 3,18999
Realme XT 730G, NA
Lenovo K10 Plus,32999
Oppo A91,43999
Oppo Reno Ace,69999
Oppo reno 3 pro 5g,94999
Samsung Galaxy A70s,69999
Samsung Galaxy Xcover Field Pro,64999
Google Pixel 4 XL,254999
Huawei V30,76999
LG V50 ThinQ 5G, RS
Tecno Camon I ACE,13999
Tecno Pop 2 Pro,11999
Tecno Pop 2 F,7499
Tecno Pop 2,7999
Xiaomi Mi Mix Alpha,405000
Nokia Lumia 800,21500
Xiaomi Mi Mix 4,80000
Xiaomi Mi CC9 Meitu Custom Edition,85000
Nokia 10,77000
OnePlus 8 Lite,90000
Oppo Realme X Master Edition,49999
Nokia 8.2,69999
Nokia 8.2 5G (Featured in the new James Bond Movie),78999
Nokia 2.3,14249
Realme C2 2020,18999
Realme 5i,31999
OnePlus 7T,90000
OnePlus 8 Pro,125999
Samsung Galaxy M20s,29999
Samsung Galaxy M10s,22500
Xiaomi Mi 9 Lite,51999
ZTE Blade V12 Vita,25000
Xiaomi Redmi K30 5G,92500
Honor 20SE,85999
Infinix Smart 4,15500
Oppo F7 Youth,26999
Huawei Nova 6 SE,52999
Huawei Nova 5z,38999
Huawei Mate Xs,354999
Sony Xperia 3,120000
Xiaomi Redmi Note 8T,35500
Samsung Galaxy A42 5G,56000
Samsung Galaxy A11,18999
Samsung Galaxy A91,119000
Samsung Galaxy A71,64599
Samsung Galaxy A51,48499
Samsung Galaxy A41,48999
Samsung Galaxy A01,15519
Vivo V17,54999
Samsung Galaxy A92,91000
Samsung Galaxy A62,62999
Samsung Galaxy A22 5G,50800
Tecno camon 12 pro,24999
Samsung Galaxy Note 10+ Star Wars Edition,205000
Oppo A5 (2020),31999
Microsoft Surface Duo, RS
Samsung Galaxy Zero,210000
LG G9,95999
Microsoft Andromeda Foldable,250000
Oppo Reno 3 Pro,61500
Oppo Reno 3,45200
vivo y91c,16999
vivo U10,30000
Vivo U3,24500
vivo iQOO Neo 855,35500
Vivo Y5s,33000
Vivo Y3 Standard,22500
vivo U20,23500
vivo Z5i,39500
vivo Y9s,44660
Realme 5s,28999
Huawei Nova 6,79999
Vivo S5,48999
Realme X2,44999
Samsung Galaxy S11 Plus,184999
Samsung Galaxy S11e,144999
ZTE Blade V20,29999
Honor View,79999
Huawei Y9s,40999
Vivo Y19,29999
Samsung Galaxy S11,169999
Samsung Galaxy M30s,49999
Samsung Galaxy S12 Plus,211000
Huawei Mate 30 Pro 5G,194999
Samsung Galaxy S12,190000
Infinix S5 Lite,19799
Infinix S5,28000
Motorola Moto E6 Plus,24999
Motorola One Macro,29999
Nokia 110,3549
Nokia 7.2,38799
Samsung Galaxy A20s,28999
vivo Y11,19999
Oppo Reno 2F,44000
vivo V17 Pro,66999
Oppo A9 2020,42999
Realme XT,47000
Huawei Mate 30 5G,209999
Huawei Enjoy 10 Plus,32999
Huawei nova 5T,65999
Sony Xperia 5,85999
Xiaomi Redmi Note 8 Pro,39999
Realme Q,25999
Meizu 16s Pro,58399
Honor 20S,44999
Tecno Spark 4,15999
Xiaomi Redmi Note 8,29999
Honor Play 3,25999
Oppo Reno A,39999
Samsung Galaxy A90 5G,109999
Infinix Hot 8,18999
Honor 9X Pro,55999
Honor 9X,39999
Samsung Galaxy A50s,56999
vivo V17 Neo,45999
Samsung Galaxy A30s,38609
vivo iQOO Pro 5G,89999
vivo iQOO Pro,89999
vivo Z5,59999
Oppo Reno 2,65999
Samsung Galaxy A10e,27999
Samsung Galaxy A10s,16489
Tecno Camon 12 Air,19500
Xiaomi Redmi 8,22499
Huawei P Smart Pro,39999
Realme 5,23999
Realme 5 Pro,37999
Tecno Spark Go,12499
Samsung Galaxy Note 10 Plus,138999
Infinix Hot 7 Pro,19999
Vivo Y90,15999
Infinix S4,22999
Lenovo Z6,44999
Xiaomi Mi CC9e,30999
Realme 3i,23999
Tecno Phantom 9,34999
Infinix Note 6,43999
Huawei nova 5i Pro,69999
Xiaomi Mi 9T,58999
vivo iQOO Neo,44999
Xiaomi Mi CC9,65999
Huawei nova 5 Pro,125999
HTC U19e,74999
HTC Desire 19+,49999
vivo Z1 Pro,39999
Oppo Reno Lite,47999
Infinix Smart 3 Plus,15500
Nokia 3.1 A,22999
Samsung Galaxy M40,51999
Huawei nova 5i,42999
Huawei nova 5,65999
Meizu 16Xs,37999
vivo Y12,20999
vivo Y15,25999
Xiaomi Redmi 7A,11999
Nokia 3.2,10699
Nokia 2.2,13900
Samsung Galaxy Note 10 Pro,112999
Xiaomi Redmi K20,63000
Xiaomi Redmi K20 Pro,69999
Oppo A9x,41999
Huawei Mate 20X (5G),169999
Xiaomi Redmi Note 7S,23999
Honor 20 Pro,99999
Honor 20,84999
Huawei P20 lite (2019),34999
Oppo Reno Z,55999
Huawei Y9 Prime 2019,31999
Oppo K3,35999
Nokia 4.2,23999
Vivo S1 Pro,39999
Huawei P Smart Z,49999
Realme X,39999
Google Pixel 3a XL,59999
Motorola Moto Z4,85999
OnePlus 7 Pro,109000
Vivo Z3x,29999
Oppo A9,39999
Huawei Y5 (2019),19999
Oppo A1K,18999
Xiaomi Redmi Y3,23999
Realme C2,14999
Vivo Y17,36999
Honor 8S,15999
Honor 20i,51999
Honor 8A Pro,32999
Oppo Reno 10x zoom,109999
Samsung Galaxy A80,114999
Samsung Galaxy A20e,34999
Tecno Camon i4,22499
Nokia X71,55999
Xiaomi Mi Fold,139999
Samsung Galaxy Note 10,169999
Xiaomi Mi 9X,68999
Vivo S1,33000
Huawei Y Max,44999
Samsung Galaxy A70,59999
Huawei Enjoy 9e,29999
Huawei Enjoy 9S,37999
Honor 10i,45999
Samsung Galaxy A20,28500
Samsung Galaxy A2 Core,14999
Motorola Razr 2019,49999
Vivo X27,74999
Oppo Reno,69999
Oppo A5s,22999
Sony Xperia 10 Plus,67999
Meizu Note 9,33999
Huawei Nova 4e,42999
Oppo F11,39999
Vivo V15,39999
Vivo iQOO,63999
Realme 3 Pro,35499
Samsung Galaxy A30,37999
Samsung Galaxy A10,21999
Sony Xperia 10,65999
Sony Xperia 1,163999
Xiaomi Mi Mix 3 5G,89999
Huawei Mate X,369999
Vivo U1,24999
Huawei Y6 Pro (2019),18999
Zong Z1,10999
Huawei P30 Lite,39999
Vivo V15 Pro,59999
Xiaomi Mi Max 4 Pro,55999
Xiaomi Mi Max 4,44999
Redmi X,22999
Nokia 1 Plus,7999
Tecno Camon iSky 2,16799
Vivo Y89,42999
Oppo F11 Pro,54999
OPPO Find X2,139999
Xiaomi Redmi Note 7 Pro,37999
Google Pixel 4, NA
Samsung Galaxy A60,59999
Vivo Apex 2019,99999
Samsung Galaxy Fold,329799
Google Pixel 3 Lite XL,64999
Apple iPhone 11,135999
Samsung Galaxy A40,35999
Huawei Y6 Prime 2019,18999
Realme 3,22999
Huawei Y7 Prime 2019,22999
Nokia 6.2,28449
Samsung Galaxy S10E,123999
Nokia 8.1 Plus,74999
Honor 8A,19999
Xiaomi Redmi Note 7,35999
Xiaomi Mi A3,44999
LG G8 ThinQ,89999
Huawei Nova 4i, NA
Huawei Mate 30 Pro, NA
Huawei Mate 30,139999
Huawei Y5 Lite,12999
Huawei Y7 Pro 2019,23999
Realme A1,27999
Xiaomi Pocophone F2,59999
Huawei Y7 2019,28500
Motorola P40,53999
Vivo V12 Pro,59999
Huawei P30 Pro,157999
Huawei P30,89999
Vivo Y91,24999
Xiaomi Redmi Go,11699
Xiaomi Redmi 7 Pro,27999
Lenovo S5 Pro GT,31999
Lenovo Z5 Pro GT,90499
Vivo NEX Z,48999
Vivo NEX Y, NA
Vivo NEX X, NA
Vivo NEX V, NA
Vivo NEX Play,99999
HTC Desire 12s,31999
Xiaomi Mi Play,26999
Xiaomi Redmi 7,25999
Samsung Galaxy S10 Lite,106499
OnePlus 6T McLaren,109999
Vivo NEX Dual Display,105999
Samsung Galaxy A50,48999
OnePlus 7,87999
Meizu C9 Pro,17999
Meizu C9,14000
Samsung Galaxy M30,39999
Huawei Honor V11,59999
Huawei Enjoy 9,29999
Infinix Note 5 Stylus,37899
Motorola Moto G7 Power,33999
Sony Xperia XZ4,104999
Lenovo K5X,34999
Samsung Galaxy M10,24999
Motorola Moto G7 Play,23999
Huawei Nova 4,69999
Lenovo Z5s,28200
Huawei P Smart 2019,39999
Samsung Galaxy M20,34999
Meizu 16S,66999
Motorola Moto Z4 Play,60999
Samsung Galaxy A8s,73999
Moto G7 Plus,49999
Oppo Realme U1,29999
Google Pixel 3 Lite,60000
Xiaomi Mi 9,63999
Apple iPad Pro 11,138999
Asus Zenfone Max (M2) ZB633KL,18000
Asus Zenfone Max Pro (M2) ZB631KL,24999
Huawei Honor 10 Lite,34999
Nokia 106 (2018),2635
Infinix Smart 2 HD,12999
Vivo Z1 Lite,25500
Vivo Y95,31999
Samsung Galaxy J4 Core,18499
Oppo RX17 Neo,53000
Huawei Honor View 20,88999
Vivo X21S,54500
Vivo Y93,22999
ZTE Blade Max 2s,24000
ZTE Blade Max View,26699
Oppo R17 Neo,46000
Meizu Note 8,30300
Nokia 8.1,39899
Lenovo K5 Pro,25000
Asus Zenfone Max (M1) ZB556KL,24300
Asus ZenFone Lite (L1) ZA551KL,12200
Lenovo K9,18000
Vivo Z3,37900
Samsung W2019,50000
Oppo R15x,47000
Oppo R19,51999
Xcell G1,2299
Xcell H7,2699
Xcell Cube,3200
Xcell M9,4100
Nokia 3.1 Plus,19899
Xcell Enia,13499
Xcell Zoom,15500
Lenovo S5 Pro,30300
Xcell View,21000
Xcell Nova,26999
Huawei Mate 20X,135000
ZTE Nubia X,68500
Sony Xperia XA3 Ultra,40000
Nokia 7.1,33899
OPPO K1,39999
Sony Xperia L3,31999
Samsung Galaxy A6s,41000
Oppo Realme C1,18999
Samsung Galaxy A9 2018,79999
Samsung Galaxy P30 Plus,45000
Samsung Galaxy P30,40000
Huawei Honor 8C,26499
Xiaomi Black Shark Helo,71999
Huawei Y9 (2019),31999
Oppo A7,31999
Meizu V8 Pro,22700
Meizu V8,15200
Xiaomi Mi 8 Pro,73600
Xiaomi Mi 8 Lite,33499
Nokia 7.1 Plus,38999
Samsung Galaxy J4+ Plus,23500
Oppo A7x,38000
Apple iPhone XR,117999
Motorola Moto G7,39999
Apple iPhone XS Max,167999
Lenovo Z5 Pro,45999
Samsung Galaxy View 2,104999
Xiaomi Mi 8 Screen Fingerprint Edition,55000
Xiaomi Mi 8 Youth,30000
LG Q9,64999
LG Q Stylus+ Plus,75000
Motorola Moto P30 Note,46000
ZTE nubia Red Magic 2,60000
Xiaomi Redmi Note 6 Pro,27999
Huawei Honor Magic 2,79999
LG Candy,12200
Huawei Honor 8X Max,38300
Oppo Realme 2 Pro,46999
Meizu M8 Lite,16000
LG G7 Fit,37000
LG G7 One,91400
Apple iPhone Xs Plus,122000
Apple iPhone XS,151499
Sony Xperia XA2 Plus,57800
Samsung Galaxy A8 Star,58099
Lenovo Tab E8,12000
Lenovo Tab E10,15000
Lenovo Tab E7,8000
Lenovo Tab M10,8500
Lenovo Tab P10,9000
Vivo V11 Pro,53999
ZTE Axon 9 Pro,99000
Oppo F7,33000
OnePlus 6T,83500
Vivo V11,21999
Oppo Realme 2,26999
Vivo X23,75900
Huawei Honor 8X,40499
Samsung Galaxy S10+ Plus,99000
Samsung Galaxy J2 Core,16799
Oppo R17 Pro,79999
alcatel 7,25000
Infinix Hot S3X,19600
Motorola Moto P30,46500
Meizu 16X,45500
Xiaomi Mi 8X,51000
Oppo R15 Neo (AX5),30000
Oppo A5,29999
ZTE Blade V9,22800
Asus ZenFone Live (L1) ZA550KL,15200
LG Q8 (2018),59000
Huawei Mate 20 Lite,70000
Motorola Moto Z3,58000
BlackBerry Evolve X,67000
BlackBerry Evolve,57999
Samsung Galaxy Tab A 10.5,50600
Samsung Galaxy On8,30700
Sony Xperia XA3,35000
Apple iPad Pro 12.9 (2018),141499
Honor Play Special Edition,49000
Huawei Honor Play,41999
BlackBerry KEY2 LE,53300
LG V35 Signature Edition,217000
Oppo R17,57000
HTC U12 Life,45700
Xiaomi Pocophone F1,51999
LG K11 Alpha,41100
LG K11 Plus,41100
Oppo F9 Pro,49999
Oppo F9,36999
Meizu 16 Plus,72900
Huawei Honor 9N,33700
Tecno Camon X Pro,28999
Samsung Galaxy Tab S4 10.5,107400
Xiaomi Mi A2 Lite,22999
Samsung Galaxy Grand Prime Plus 2018,17699
alcatel 5V,30400
Samsung Galaxy Tab A2,38300
Moto E5 Play Android Go Edition,16800
Apple iPhone 9,140000
Oppo A3s,18999
Samsung Galaxy J6+ Plus,30999
Xiaomi Mi 8 Explorer Edition,76700
Huawei Nova 3i,35999
Samsung Galaxy J7 Star,25499
Samsung Galaxy A6 Plus (2018),49999
Samsung Galaxy Jean,52900
Xiaomi Mi Mix 3,68000
Samsung Galaxy J7 Aero,20000
Huawei Honor 10 GT,61400
iPhone 2018,100000
iPhone 9 2018,100000
Samsung Galaxy On6,27600
Meizu X8,30300
ZTE Nubia Z18S,68500
Motorola One,46000
Huawei Honor Note 10,61400
Vivo Z1i,3700
Samsung Galaxy J6,27999
LG V40,121800
Asus Zenfone 5 ZE620KL,47500
Nokia 6.1,27884
Xiaomi Mi 6X Hatsune Miku Special Edition,39999
Xiaomi Mi Max 3 Pro,65000
Nokia 6.1 Plus,36346
Samsung Galaxy J3 Star (2018),30700
Vivo V9 Youth,27999
Vivo V9 FIFA World Cup Edition,38999
Vivo Y71,19999
Vivo Y55s,16999
Samsung Android Go (J260F),50000
Meizu 16,62200
Motorola Moto E5 Plus,27000
Oppo A3,45499
Panasonic Toughbook FZ-T1,87499
Motorola Moto E5 Supra,25000
Alcatel 1x (2019),20999
Sony Xperia XZ3 Premium,50000
Asus Zenfone Max Pro (M1) ZB601KL,24300
ZTE Nubia Z18,60900
LG V35 ThinQ,121000
One Plus 5T,59499
One Plus 5,56499
Huawei P9,45000
Oppo Find X Automobili Lamborghini Edition,178000
Nokia 5.1 Plus,22213
Oppo A73s,35000
Samsung Galaxy J7 Top,65000
Sony Xperia XZ2 Premium,137000
Motorola Moto Z,43900
Samsung Galaxy X,180000
Samsung Galaxy Note 8,89999
Asus Zenfone 5Z,76100
Huawei Honor 7S,14789
Huawei Honor 7A,18999
Huawei Honor 9 Lite,26999
Asus Zenfone 5Q,38000
LG Aristo 2,7900
LG Stylo 4,38000
Vivo Y81,23999
Sony Xperia XZ3,121800
Vivo NEX A,91000
Google Pixel Bonito,50000
Asus ROG (Gaming Phone),134999
Nokia Phoenix,25799
Vivo NEX S,106300
Samsung Galaxy Note 9,139999
Oppo Find X,129999
BllocZero 18,48600
Samsung Galaxy S10,139999
Motorola One Power,46000
Xiaomi MI 8 SE (Special Edition),62499
Nokia 3.1,19799
Nokia 5.1,17650
Nokia 2.1,12450
Samsung Galaxy A9 Star Lite,45000
Xiaomi Redmi 6A,17999
Xiaomi Redmi 6,21999
Huawei Honor 9i Play,33700
Xiaomi Redmi 6 Plus/Pro,21300
Blackberry Ghost,55000
Blackberry Ghost Pro,60000
Vivo Y83,37900
Vivo Z1,45500
Blackberry Key2,102999
Meizu M8c,21200
Samsung Galaxy Wide 3,31900
Meizu M6T,24000
LG Q7+ (Plus),62000
LG Q7Î± (Alpha),50000
LG Q7,70000
Oppo R15 Nebula Special Edition,52400
Samsung Galaxy S Light Luxury,71000
Huawei Y5 Prime (2018),15999
Huawei Honor Play 7,15999
Xiaomi Mi 8,64999
Vivo X21i,65300
Samsung Galaxy J4 (2018),19500
Huawei Nova 3e, NA
Motorola Moto 1S,38300
OnePlus 6: Avengers (Infinity War Edition),75000
HTC Exodus 1,88999
Huawei Honor 10,59999
Lenovo Z5 (2018),30000
Motorola Moto C2 Plus,20000
Motorola Moto C2,17000
Oppo Realme 1,25999
Google Pixel 3,130300
Google Pixel 3 XL,145700
HTC U12+,112999
Samsung Galaxy S9 Plus (Burgundy Red),110000
Samsung Galaxy S9 (Burgundy Red),91000
iPhone X Plus 2018,140000
Nokia 2 2018,15000
Nokia 3 2018,17000
Nokia 5 2018,25000
Xiaomi Redmi S2,22499
Tecno Camon i Air,17699
Tecno Camon i,12499
Tecno Phantom 6,24999
Tecno Spark Pro,14999
LG K30,29999
Samsung Galaxy A6 (2018),30999
Meizu 15,60700
Blackberry Athena,102999
Xiaomi Mi A2,36999
Nokia X 2018,9399
Tecno Phantom 8,35000
Haier Esteem i95,25500
Infinix Zero 5 Pro,29999
Meizu E3,35000
Meizu M6s,22700
OnePlus 6,78000
Telenor Infinity E,9500
Telenor Infinity A,13000
Tecno Phantom 8 Plus,39999
Vivo X21 UD,83500
Vivo X21,68300
Vivo V9,29999
Vivo Y66i,17000
Vivo X20 Plus UD,83500
Vivo Y75,35500
Vivo Apex,70350
LG K3 2017,15200
LG K10 2018,21800
LG K3,15600
LG Stylo 3 Plus,39600
LG K10 2017,18299
LG U,27950
LG X Power 2,27700
LG V30s,106600
LG G7 ThinQ,83700
LG K8 2018,21300
Xiaomi Redmi Note 4x,19800
Xiaomi Mi 6c,29500
Xiaomi Mi Note 3,42600
Xiaomi Mi 5,36500
Xiaomi Redmi Note 5 Pro,31999
Xiaomi Mix Evo,61400
Xiaomi Mi Max 3,41100
Xiaomi Mi 5x,25899
Sony Xperia XA2,41100
Sony Xperia XZ1 Compact,62400
Sony Xperia XZ2 Compact,91400
Sony Xperia XZ2,84999
Sony Xperia XZ Compact,44000
Sony Xperia X Ultra,32849
Sony Xperia L2,27999
Sony Xperia XZ Pro,64590
Oppo R9 Plus,41000
Oppo A59,30100
Oppo A77,41000
Oppo A39,18000
Oppo R7s Plus,51750
Oppo R11 Plus,58500
Oppo R11s,58000
Oppo R11,40000
Oppo R11s Plus,65000
Oppo A79,16000
Oppo A73,28499
Oppo R7s,32520
Oppo R9s Plus,60000
Oppo R9s,60000
Oppo A85,15000
Motorola Moto E 3rd Gen,13000
Motorola Moto G4 Play,19900
Motorola Moto X 2017,53600
Motorola Moto G Turbo Edition,42999
Motorola Moto G5,23000
Motorola Moto C,15300
Motorola Moto Z2 Play,61400
Motorola Moto Z2 Force,97600
Motorola Moto G5S Plus,28000
Motorola Moto G5S,30700
Motorola Moto G6,36499
Motorola Moto G6 Plus,42000
Motorola Moto G6 Play,30000
Motorola Moto X5,23990
Motorola Moto Z3 Play,66000
Motorola Moto E5,22599
Nokia E1,25500
Nokia Heart,10000
Nokia P1,80000
Nokia 7,55200
Nokia 9 PureView,109999
Nokia 1,9134
Nokia 7 Plus,39999
Nokia 8 Sirocco,79800
Nokia 8110 4G,9990
Huawei Honor Magic,76000
Huawei Honor 8 Pro,59800
Huawei Y6II Compact,19999
Huawei Nova 2,46000
Huawei Y7,23000
Huawei Y6 2017,21400
Huawei Honor 6A,53700
Huawei Nova 2 Plus,53700
Huawei Honor Note 9,55000
Huawei G10,39500
Huawei P9 Lite mini,20099
Huawei Honor 6C Pro,27600
Huawei Y6 Pro 2017,16999
Huawei Nova 3,59999
Huawei Honor 7C,22749
Huawei Y3 2018,13800
Huawei P20 Pro,99999
Huawei Mate 20 Pro,119999
Huawei Mate 20,122000
iPhone X,140000
iPhone 8 Plus,96999
iPhone 8,92500
iPhone 7 Plus,57999
iPhone 7,74999
iPhone 6s Plus,39999
iPhone 6s,54500
Samsung Galaxy C10,65000
Samsung Galaxy C7 Pro,32999
Samsung Galaxy C7 2017,61400
Samsung Galaxy C9 Pro,41749
Samsung Galaxy C5 Pro,47599
Samsung Galaxy C5,23499
Samsung Galaxy A9 Pro,31999
Samsung Galaxy A7 (2018),49999
Samsung Galaxy A5 2018,40000
Samsung Galaxy J7 Plus,61400
Samsung Galaxy J3 Pro,17999
Samsung Galaxy S9,90999
Samsung Galaxy S9 Plus,111999
Samsung Galaxy J8,36249
Xiaomi Mi Mix 2S,70000
Huawei P20 Lite,34999
Sony Xperia XA2 Ultra, NA
Oppo A83,22000
Samsung Galaxy A8 (2018), NA
Samsung Galaxy A8 2018, NA
Huawei Enjoy 7S,24000
huawei 7s,24000
Infinix Hot 4,12400
Infinix Hot Note Pro,13450
Infinix Hot S,14000
Infinix Hot 3 Pro,14300
Infinix Zero 3,15000
Infinix Note 2,15000
Xiaomi Mi 7,47500
Huawei Y6 Pro 3G,13499
QMobile Noir S15,13500
Infinix Zero 2,16800
Infinix Note 3,17999
Infinix S2,14999
QMobile E4,2349
Infinix Note 3 Pro,17999
Infinix Note 3 4G,19500
Infinix Zero 4,12600
QMobile Noir Z8,15799
QMobile Power3, NA
QMobile Power4, NA
QMobile M85,1650
QMobile Noir X40,6600
QMobile Noir i6i,7000
QMobile Titan X700i,9199
QMobile XL40, NA
QMobile XL20, NA
QMobile XL30, NA
QMobile XL50,3249
QMobile XL25, NA
QMobile K135,1500
QMobile K100,1700
QMobile Bolt T360,5500
QMobile K150,1600
QMobile K550,1550
QMobile Noir i7i,6500
QMobile Noir M99,9999
QMobile Noir W50,6100
QMobile Noir M350,9000
QMobile Noir LT700,12200
QMobile Noir W15,4800
LG K7 (2017),11500
LG G6,39999
Samsung Galaxy J7 Core,22000
QMobile Noir Z12,17200
QMobile Noir i2,6490
QMobile E4 Classic Edition,1800
QMobile Noir Z10 White,16000
QMobile L102,1200
QMobile Noir X700 Pro,8000
QMobile 3G2,2699
QMobile Noir LT750,12290
QMobile Noir LT650,9500
QMobile Noir W40,7230
QMobile Noir S2 Plus,10100
QMobile Noir S2 Pro,10250
QMobile M2,1750
QMobile D2,1699
QMobile M3,1500
QMobile Noir S6,11000
QMobile D3,2100
QMobile Diamond 1,2200
QMobile Noir i5.5,7700
QMobile D4,1700
QMobile Noir J7,14200
QMobile Noir J5,10500
QMobile Noir S6 Plus,10940
QMobile Noir S6s,8590
QMobile Gold One,1590
QMobile XL50 Pro, NA
QMobile D7,2200
QMobile X4 Classic, NA
QMobile E500i Music,1450
QMobile L2 Classic,1650
QMobile Noir X700 Pro II,9990
QMobile Noir X700 Pro Lite,7000
QMobile K180,1490
QMobile L9,1600
QMobile L103,1150
QMobile E500i Pro,1800
QMobile Power1 Pro, NA
QMobile Noir E1,11099
QMobile X4 Pro, NA
QMobile Noir i2 Power,6300
QMobile Noir i7i Pro,7290
QMobile Noir X32 Power,5000
QMobile XL8, NA
QMobile X4 Plus, NA
QMobile E2 Plus,1750
QMobile King Kong Max,15000
QMobile D10,1900
QMobile M5,1350
QMobile Noir M6 Lite,12850
QMobile Noir M6,19300
QMobile N222,1650
QMobile N230,1450
QMobile D6,1500
QMobile Eco 3,2200
QMobile Noir X33,5050
QMobile K650,1399
QMobile Gold 2,2300
QMobile Ultra 1, NA
Vivo v7,24999
QMobile ECO 100,2200
QMobile F2,2300
QMobile J1000,2700
QMobile Q3310,3500
QMobile Noir E2,13100
QMobile Noir LT500 Pro,9999
QMobile Power 14, NA
QMobile CS1,13000
QMobile QNote,10500
QMobile Noir I8i,7200
QMobile Power 4000, NA
QMobile Noir X29,5499
QMobile SP1000, NA
QMobile i6 Metal,7850
QMobile Noir LT600 Pro,7750
Tecno Camon CX,20999
Tecno Camon CX Air,15990
QMobile Noir J1,7990
Tecno Phantom 6 Plus,39999
Tecno L8 Lite, NA
Tecno WX4 Pro,14999
Tecno WX3,8999
QMobile SP2000, NA
QMobile Noir J2,9000
QMobile Noir CS1 Plus,14300
QMobile E1000 Party,2700
QMobile Evok Power,9500
QMobile Q3310 Mini,2999
QMobile G2,2500
QMobile Evok Power Lite,8650
QMobile Power 500, NA
QMobile SP5000, NA
QMobile G5,2400
QMobile G6,2250
QMobile Dual One,4799
QMobile G3,2500
QMobile Noir LT550,6200
QMobile E900 Selfie,2600
QMobile Hero Music,2500
QMobile Super Star Power, NA
QMobile Super Star Music, NA
QMobile Noir S8,10499
QMobile Noir i9i,7150
QMobile SP3000, NA
QMobile G7,2270
QMobile Black Two,6700
Infinix Zero 5,28899
QMobile Q Infinity, NA
Infinix Zero 4 Plus,16500
Infinix Hot 4 Pro,14849
Infinix S2 Pro,15500
Infinix Note 4,18700
Infinix Smart,8838
Infinix Hot 5,13399
Infinix Note 4 Pro,18200
Infinix Hot 4 LTE,11999
Oppo F5 Youth,25700
QMobile Noir E8,24500
Xiaomi Mi 5c, NA
Oppo F3 Black,29000
TELENOR INFINITY I, NA
TELENOR INFINITY E, NA
TELENOR INFINITY A, NA
TELENOR INFINITY A2, NA
TELENOR INFINITY E2, NA
Lenovo Vibe C2,13899
Lenovo Moto Z,66900
Xiaomi Redmi Pro 2, NA
Xiaomi Mi 6 Plus, NA
Xiaomi Redmi Note 5, NA
Mobilink Jazz Xplore JS500,5300
Xiaomi Redmi 5, NA
Mobilink Jazz Xplore JS700,7800
Mobilink Jazz X JS7 Pro,8300
vivo X play 7,45000
Mobilink Jazz X JS 1,4999
Vivo V7 Plus,35999
Sony Xperia X Premium,74500
HTC U Play,25800
Meizu Pro 7,42160
Meizu Pro 7 Plus,55000
Meizu M6 Note,23000
Meizu M6,16499
Meizu M5,14586
Meizu M3 Note,16999
Huawei Honor 9,56999
Meizu MX6,28999
Huawei Honor 6,21249
Samsung Galaxy S8 Plus,57499
Huawei Honor 7X,25999
Samsung Galaxy J2 2017,14500
Huawei Mate 9,54449
Huawei Y5 2017,13500
Huawei Y7 Prime 2018,22499
Samsung Galaxy J7 Pro,28945
Huawei Mate 10,29000
Huawei Mate 10 Lite,34999
Huawei Mate 10 Pro,82990
Oppo A77 (Mediatek),22200
Oppo A71,17999
HTC 10 evo,20499
HTC U Ultra,33249
HTC One X10,32500
Oppo F5,31899
HTC U11 Life,35000
HTC U11+,92999
Gigabyte GSmart GX2,12100
Gigabyte GSmart Mika M3,31000
Gigabyte GSmart Roma RX,12500
Gigabyte GSmart Mika MX, NA
Gigabyte GSmart Guru GX,35000
Gigabyte GSmart Classic,10800
Gigabyte GSmart Essence,7800
Gigabyte GSmart Classic Lite,8800
Gigabyte GSmart Essence 4,6800
HP Elite x3,75000
Asus Zenfone 4 Max Pro ZC554KL,27500
Asus Zenfone 4 Max Plus ZC554KL,25900
Asus Zenfone 4 Max ZC520KL,24500
Asus Zenfone 4 Selfie ZD553KL,27900
Asus Zenfone 4 Selfie Pro ZD552KL,36500
Asus Zenfone 4 Selfie ZB553KL,16500
Asus Zenfone 4 Selfie Lite ZB553KL,14850
Asus Zenfone 4 ZE554KL,49000
LG X venture,35500
Asus Zenfone 4 Pro ZS551KL,63000
Asus Zenfone V V520KL,36500
Vodafone Smart first 7, NA
Vodafone Smart prime 7, NA
Vodafone Smart ultra 7, NA
Vodafone Smart Platinum 7, NA
Vodafone Smart Turbo 7, NA
LG Q6,25399
Vodafone Smart N8, NA
Vodafone Smart V8, NA
LG Q8,46900
Vodafone Smart E8, NA
LG V30,74199
Acer Liquid Jade Primo,45000
Acer Liquid Zest,16000
Panasonic Eluga i3 Mega,15500
Acer Liquid Zest Plus,20500
Panasonic P55 Max,12500
Panasonic Eluga A3 pictures,17000
Panasonic Eluga A3 Pro,16500
Panasonic Eluga I2 Activ,8050
Panasonic P9,8050
Panasonic Eluga Ray 700,15000
Panasonic Eluga Ray 500,12000
Panasonic Eluga I4,13100
Panasonic P99,11000
Acer Liquid Jade 2,16600
Acer Liquid X2,25500
Acer Liquid Z6,13800
Acer Liquid Z6 Plus,26000
Acer Iconia Talk S,25500
Sony Xperia X Compact, NA
Sony Xperia XA1,26000
Sony Xperia XA1 Ultra,38990
Sony Xperia XZs,51499
Sony Xperia XA1 Plus,36500
Sony Xperia XZ1,75000
Sony Xperia R1 (Plus), NA
LeEco Le 2 Pro,26400
LeEco Le Max 2, NA
LeEco Le Pro3, NA
LeEco Le S3,37528
LeEco Le Pro3 Elite,31500
Nokia 6,19990
Nokia 5,16500
Nokia 3,14790
Nokia 130 (2017),3686
Google Pixel,64399
Nokia 105 (2017),1499
Nokia 8,34249
Nokia 3310 3G,6700
Google Pixel XL,49999
Nokia 2,11000
Google Pixel 2 XL,97990
Google Pixel 2,79390
Vivo Y69,30300
vivo Y25,23000
vivo V5s,26999
vivo X9s,29000
vivo X9s Plus,35000
Vivo Y53,17999
vivo X20,23000
ZTE Grand X View 2, NA
ZTE Blade A601, NA
ZTE Tempo X, NA
ZTE Blade Force, NA
ZTE Blade Z Max, NA
Xiaomi Mi 6,46999
Xiaomi Redmi 4X,18900
Xiaomi Mi Max 2,33280
Xiaomi Mi A1,29899
ZTE nubia Z17 lite, NA
ZTE nubia Z17 miniS, NA
Xiaomi Redmi Note 5A Prime, NA
ZTE nubia Z17s, NA
Xiaomi Redmi Note 5A, NA
ZTE Axon M, NA
ZTE Blade X, NA
Xiaomi Mi Mix 2,67000
Xiaomi Redmi 5a,14500
Gionee M6s Plus,50000
Gionee S10C,19500
BlackBerry Passport,19949
Gionee S10B,25199
Gionee S10,36500
Gionee A1 Lite,22500
Gionee P8 Max,13000
Gionee X1,14200
Gionee X1s,19500
Gionee M7,44500
Gionee M7 Power,31499
BlackBerry Classic Non Camera, NA
BlackBerry Priv,27999
BlackBerry DTEK50,25990
BlackBerry DTEK60,39399
BlackBerry Keyone,55490
BlackBerry Aurora,22299
BlackBerry Motion,53749
alcatel Hero,29000
Samsung Galaxy On5,15999
alcatel Idol Alpha,39000
Samsung Galaxy S7 mini, NA
alcatel Pop C1,7000
alcatel Pop C3,8000
alcatel Pop C5,10000
Samsung N500, NA
Samsung N620, NA
alcatel Pop C7,13000
Samsung Q200, NA
Samsung T100, NA
Samsung A500, NA
Samsung A800, NA
Samsung Q300, NA
Samsung V100, NA
Samsung T200, NA
Samsung T400, NA
Samsung S300, NA
Samsung S500, NA
Samsung T500, NA
alcatel Evolve,7000
Samsung P400, NA
Samsung P100, NA
alcatel Fierce,11000
Samsung Z100, NA
Samsung V200, NA
alcatel POP 8,14499
Samsung D100, NA
alcatel Pop C9,14000
Samsung E400, NA
alcatel Idol X+,29000
Samsung S200, NA
Samsung X400, NA
alcatel 2000,2200
alcatel 2001,2500
Samsung X410, NA
alcatel Pop Fit,8000
Samsung E100, NA
alcatel Idol 2 Mini,16000
Samsung E105, NA
alcatel Idol 2 Mini S,20000
alcatel Idol 2,21000
alcatel Idol 2 S,25450
alcatel Fire C,4100
alcatel Fire E,7000
Samsung P500, NA
Samsung D700, NA
alcatel Fire S,7500
Samsung C100, NA
Samsung E700, NA
alcatel Fire 7,8000
Samsung E715, NA
alcatel Pop S3,11000
Samsung X100, NA
Samsung X600, NA
Samsung D410, NA
Samsung P705, NA
Samsung X430, NA
Samsung X450, NA
Samsung E410, NA
Samsung P510, NA
Samsung E600, NA
Samsung E610, NA
alcatel Pop S7,14000
Samsung Z105, NA
Samsung Z107, NA
Samsung E300, NA
alcatel Pop S9,20000
Samsung E310, NA
alcatel Pixi 7,8000
Samsung E330, NA
Samsung X120, NA
alcatel 2005,3000
Samsung X460, NA
Samsung X610, NA
alcatel 2040,3320
alcatel 2052,4000
Samsung X900, NA
Samsung X910, NA
alcatel 2010,5149
Samsung i700, NA
Samsung i250, NA
alcatel 2012,5300
Samsung i500, NA
Samsung i505, NA
alcatel Pop C2,5450
Samsung i530, NA
Samsung C200, NA
Samsung D710, NA
Samsung Z110, NA
Samsung E800, NA
Samsung E810, NA
Samsung E850, NA
Samsung E630, NA
Samsung D428, NA
Samsung D488, NA
Samsung P710, NA
Samsung P730, NA
Samsung D500, NA
Samsung SCH-B100, NA
Samsung S342i, NA
Samsung S410i, NA
Samsung X140, NA
Samsung X620, NA
Samsung X480, NA
Samsung X640, NA
Samsung C210, NA
Samsung C230, NA
Samsung C120, NA
Samsung X800, NA
Samsung X810, NA
Samsung E340, NA
Samsung E530, NA
Samsung E620, NA
Samsung E640, NA
Samsung E350, NA
Samsung E880, NA
Samsung i300, NA
Samsung E720, NA
Samsung E750, NA
Samsung E760, NA
Samsung D720, NA
Samsung i750, NA
Samsung D730, NA
Samsung Z700, NA
Samsung P860, NA
Samsung D550, NA
Samsung Z140, NA
Samsung Z130, NA
Samsung Z300, NA
Samsung Z500, NA
alcatel Pop D5,10000
Samsung X150, NA
Samsung X200, NA
Samsung X650, NA
alcatel Pixi 2,10900
alcatel Hero 2,34500
Samsung X490, NA
Samsung X660, NA
Samsung X670, NA
Samsung X700, NA
Samsung D510, NA
Samsung E730, NA
alcatel Evolve 2,7600
alcatel Fierce 2,8300
alcatel Pop 2 (4.5),18000
alcatel Pop 2 (4.5) Dual SIM,20000
Samsung P850, NA
alcatel Pop 2 (4),13000
alcatel Pop 2 (5),13500
alcatel Pop 2 (5) Premium,15000
Samsung D600, NA
Samsung E860, NA
Samsung S500i, NA
Samsung S400i, NA
Samsung Z320i, NA
Samsung ZV10, NA
Samsung ZV30, NA
Samsung E360, NA
Samsung E370, NA
alcatel Fire C 2G,3200
Samsung E770, NA
Samsung P300, NA
alcatel Pop Icon,11500
Samsung Z540, NA
Samsung D800, NA
Samsung D810, NA
alcatel Pop D1,8500
Samsung D820, NA
Samsung i300x, NA
alcatel Pop D3,13500
alcatel Pixi 3 (3.5),15000
Samsung E780, NA
alcatel Pixi 3 (3.5) Firefox,4300
Samsung E870, NA
alcatel Pixi 3 (4),6000
alcatel Pixi 3 (4.5),6643
Samsung X160, NA
Samsung X210, NA
alcatel Pixi 3 (5),8500
Samsung X300, NA
Samsung X630, NA
Samsung X680, NA
Samsung Z150, NA
Samsung Z310, NA
Samsung Z330, NA
alcatel Pixi 3 (5.5),10000
Samsung Z230, NA
Samsung Z350, NA
Samsung Z520, NA
Samsung Z600, NA
Samsung Z710, NA
Samsung D300, NA
Samsung D520, NA
Samsung T629, NA
Samsung P910, NA
Samsung P900, NA
Samsung P920, NA
alcatel Pixi 3 (5.5) LTE,12000
Samsung Z560, NA
alcatel Orange Klif,4000
alcatel Idol 3 (4.7),23000
alcatel Idol 3 (5.5),23000
Samsung ZV40, NA
alcatel Flash,17000
Samsung ZV50, NA
Samsung i310, NA
Samsung i320, NA
alcatel Pop Astro,11500
Samsung Z550, NA
alcatel Flash Plus,13000
Samsung Z400, NA
alcatel Go Play,18800
Samsung E900, NA
Samsung D780 flip, NA
Samsung D870, NA
alcatel Pop Star LTE,13200
alcatel Pixi First,9000
Samsung E380, NA
Samsung E500, NA
Samsung C130, NA
Samsung X820, NA
Samsung D900, NA
Samsung D900i, NA
Samsung D830, NA
Samsung C140, NA
Samsung C160, NA
Samsung C170, NA
Samsung C180, NA
Samsung C240, NA
Samsung C400, NA
Samsung D840, NA
Samsung X500, NA
Samsung X510, NA
Samsung S401i, NA
Samsung S501i, NA
Samsung P200, NA
Samsung Z360, NA
Samsung Z370, NA
Samsung Z620, NA
Samsung Z650i, NA
Samsung Z720, NA
Samsung E898, NA
Samsung E890, NA
Samsung X830, NA
Samsung E420, NA
Samsung E570, NA
Samsung E690, NA
Samsung M300, NA
Samsung C300, NA
Samsung X530, NA
Samsung X520, NA
alcatel Idol 3C,26000
alcatel 2007,3999
alcatel 10.16G,2200
alcatel Flash 2,17000
Samsung X540, NA
Samsung X550, NA
Samsung E390, NA
Samsung E480, NA
Samsung E490, NA
Samsung E790, NA
alcatel Fierce XL,10500
alcatel Pop 3 (5),11000
alcatel Pop 3 (5.5),11500
Samsung P930, NA
Samsung P940, NA
Samsung F300, NA
Samsung F500, NA
Samsung i607 BlackJack, NA
Samsung i617 BlackJack II, NA
Samsung i600, NA
Samsung C250, NA
Samsung C260, NA
Samsung C270, NA
Samsung C275, NA
Samsung C450, NA
Samsung C520, NA
Samsung E200, NA
Samsung E210, NA
Samsung E230, NA
Samsung E590, NA
Samsung E740, NA
Samsung E830, NA
Samsung E840, NA
Samsung P110, NA
Samsung F510, NA
Samsung F520, NA
Samsung i520, NA
Samsung i710, NA
Samsung U100, NA
Samsung U300, NA
Samsung U600, NA
Samsung U700, NA
Samsung i400, NA
Samsung J600, NA
Samsung Z170, NA
Samsung Z240, NA
Samsung ZV60, NA
Samsung A411, NA
Samsung i620, NA
Samsung F200, NA
Samsung F210, NA
Samsung E950, NA
Samsung F700, NA
Samsung L760, NA
Samsung J200, NA
Samsung S720i, NA
Samsung S730i, NA
Samsung B100, NA
Samsung B500, NA
Samsung M110, NA
Samsung M600, NA
Samsung M610, NA
Samsung G600, NA
Samsung Z630, NA
Samsung L600, NA
Samsung T539 Beat, NA
Samsung T729 Blast, NA
Samsung T739 Katalyst, NA
Samsung T409, NA
Samsung T429, NA
Samsung T439, NA
Samsung T509, NA
Samsung T639, NA
Samsung A517, NA
Samsung A737, NA
Samsung J750, NA
Samsung J400, NA
Samsung P260, NA
Samsung J610, NA
Samsung Armani, NA
Samsung i450, NA
Samsung F250, NA
Samsung F330, NA
Samsung i550, NA
Samsung i560, NA
Samsung i780, NA
Samsung D880 Duos, NA
Samsung Serenata, NA
Samsung C500, NA
Samsung G800, NA
Samsung F490, NA
Samsung T819, NA
Samsung L170, NA
Samsung L310, NA
Samsung i640, NA
Samsung L320, NA
Samsung SPH-i325 Ace, NA
Samsung A117, NA
Samsung A127, NA
Samsung A437, NA
Samsung A711, NA
Samsung A717, NA
Samsung A727, NA
Samsung A746, NA
Samsung E251, NA
Samsung L770, NA
Samsung J150, NA
Samsung J210, NA
Samsung J630, NA
Samsung J700, NA
Samsung F400, NA
Samsung i200, NA
Samsung P180, NA
Samsung P220, NA
Samsung P960, NA
Samsung A827 Access, NA
Samsung B110, NA
Samsung B200, NA
Samsung M310, NA
Samsung G810, NA
Samsung F480, NA
Samsung L810v Steel, NA
Samsung U900 Soul, NA
Samsung G400 Soul, NA
Samsung F110, NA
Samsung V820L, NA
Samsung D780, NA
Samsung Impact, NA
Samsung B300, NA
Samsung Impact b, NA
Samsung Impact sf, NA
Samsung M620, NA
Samsung L870, NA
Samsung U800 Soul b, NA
Samsung i900 Omnia, NA
Samsung L700, NA
Samsung M130, NA
Samsung M140, NA
Samsung J800 Luxe, NA
Samsung i740, NA
Samsung S7330, NA
Samsung i8510 INNOV8, NA
Samsung B130, NA
Samsung E215, NA
Samsung B510, NA
Samsung D980, NA
Samsung E200 ECO, NA
Samsung T109, NA
Samsung F268, NA
Samsung B2700, NA
Samsung P270, NA
Samsung M200, NA
Samsung M3510 Beat b, NA
Samsung B210, NA
Samsung B320, NA
Samsung A237, NA
Samsung A837 Rugby, NA
Samsung A637, NA
Samsung C510, NA
Samsung T229, NA
Samsung T339, NA
Samsung M3200 Beat s, NA
Samsung M7500 Emporio Armani, NA
Samsung S3600, NA
Samsung M8800 Pixon, NA
Samsung F270 Beat, NA
Samsung F275, NA
Samsung i7110, NA
Samsung A767 Propel, NA
Samsung i907 Epix, NA
Samsung C6620, NA
Samsung E1110, NA
Samsung E1117, NA
Samsung T119, NA
Samsung E1410, NA
Samsung T219, NA
Samsung E2510, NA
Samsung T459 Gravity, NA
Samsung T919 Behold, NA
Samsung A777, NA
Samsung A867 Eternity, NA
Samsung i770 Saga, NA
Samsung U810 Renown, NA
Samsung S3030 Tobi, NA
Samsung S9402 Ego, NA
alcatel Pixi 4 (3.5),6500
alcatel Pixi 4 (4),6999
alcatel Pixi 4 (6) 3G,9000
alcatel Pixi 4 (7),9700
alcatel Fierce XL (Windows),7000
alcatel Idol 4s Windows,50700
alcatel Pop 4+,9999
alcatel POP 7 LTE,13500
alcatel Flash Plus 2,15700
alcatel Pixi 4 (5),8450
alcatel Fierce 4,8000
alcatel Shine Lite,23300
alcatel A3 XL,20800
alcatel A3,18000
alcatel A5 LED,22100
alcatel U5,11000
alcatel Flash (2017),18000
alcatel Idol 5s (USA),24000
Samsung W299 Duos, NA
alcatel Pulsemix,17500
alcatel U5 HD,15000
alcatel A7,25500
alcatel A7 XL,29999
alcatel Idol 5,28000
alcatel Idol 5s,30200
Lenovo ZUK Z1 mini,23999
Lenovo Vibe Z3 Pro,34000
Samsung W259 Duos, NA
Samsung SCH-W699, NA
Samsung C5212, NA
Lenovo A5860,12000
Samsung B5702, NA
Samsung B520, NA
Samsung E2100B, NA
Samsung E1125, NA
Samsung E2210B, NA
Samsung E1070, NA
Samsung E1100, NA
Samsung E1120, NA
Samsung E1310, NA
Samsung C6625, NA
Samsung C3110, NA
Samsung C3010, NA
Samsung C3050 Stratus, NA
Lenovo K800, NA
Samsung T929 Memoir, NA
Lenovo A60,14999
Samsung i7410, NA
Samsung P250, NA
Lenovo LePhone S2, NA
Samsung S3110, NA
Lenovo E156,3400
Samsung S3500, NA
Lenovo A336,4600
Samsung C5220, NA
Samsung S7220 Ultra b, NA
Lenovo Q330,4000
Lenovo Q350, NA
Samsung S7350 Ultra s, NA
Samsung M6710 Beat DISC, NA
Samsung M7600 Beat DJ, NA
Lenovo S800, NA
Lenovo A185, NA
Samsung S8300 UltraTOUCH, NA
Samsung i8910 Omnia HD, NA
Lenovo A335, NA
Samsung S5600 Preston, NA
Samsung S5230 Star, NA
Lenovo A65, NA
Lenovo P700i,13500
Samsung B2100 Xplorer, NA
Lenovo K860, NA
Samsung A257 Magnet, NA
Samsung A877 Impression, NA
Lenovo A660,12200
Samsung A657, NA
Lenovo S880,19500
Lenovo S560,14500
Samsung E1360, NA
Lenovo A60+,22700
Lenovo P770, NA
Lenovo S720, NA
Samsung I6210, NA
Samsung J165, NA
Samsung I7500 Galaxy, NA
Samsung A177, NA
Samsung A167, NA
Samsung C3060R, NA
Samsung S3310, NA
Samsung i637 Jack, NA
Samsung S5200, NA
Samsung S5050, NA
Samsung M2710 Beat Twist, NA
Samsung E1107 Crest Solar, NA
Samsung M8910 Pixon12, NA
Samsung B7300 OmniaLITE, NA
Samsung B7320 OmniaPRO, NA
Samsung B7610 OmniaPRO, NA
Samsung I8000 Omnia II, NA
Samsung S8000 Jet, NA
Samsung W850, NA
Samsung M2310, NA
Samsung M2510, NA
Samsung C5510, NA
Samsung S6700, NA
Samsung S5600v Blade, NA
Samsung T746 Impact, NA
Samsung T559 Comeback, NA
Samsung T469 Gravity 2, NA
Samsung I6220 Star TV, NA
Samsung S5233T, NA
Samsung E2120, NA
Samsung A887 Solstice, NA
Samsung S3100, NA
Lenovo A690,6900
Samsung U960 Rogue, NA
Lenovo A789,17800
Samsung U450 Intensity, NA
Lenovo A800, NA
Samsung M850 Instinct HD, NA
Lenovo A820,12800
Samsung i350 Intrepid, NA
Lenovo A830,16500
Samsung M900 Moment, NA
Samsung R520 Trill, NA
Lenovo S890, NA
Samsung R860 Caliber, NA
Samsung i220 Code, NA
Samsung U450 DoubleTake, NA
Lenovo A269i,7900
Lenovo S820,21999
Samsung C3212, NA
Samsung B3310, NA
Samsung T659 Scarlet, NA
Samsung S3650 Corby, NA
Lenovo A630,9999
Lenovo Vibe Z K910,57800
Lenovo S930,24150
Lenovo A880,14500
Samsung S7550 Blue Earth, NA
Samsung S5230W Star WiFi, NA
Samsung S5510, NA
Samsung E1080T, NA
Samsung E1085T, NA
Samsung B7330 OmniaPRO, NA
Samsung F480i, NA
Samsung B3210 CorbyTXT, NA
Samsung B5310 CorbyPRO, NA
Samsung Vodafone 360 M1, NA
Samsung Vodafone 360 H1, NA
Samsung W880 AMOLED 12M, NA
Samsung M8920, NA
Samsung T939 Behold 2, NA
Samsung B7620 Giorgio Armani, NA
Samsung T401G, NA
Samsung E1130B, NA
Samsung E2130, NA
Samsung E1160, NA
Samsung E1390, NA
Samsung I5700 Galaxy Spica, NA
Samsung S5630C, NA
Samsung S5560 Marvel, NA
Samsung A886 Forever, NA
Samsung M715 T*OMNIA II, NA
Samsung B3410, NA
Samsung A797 Flight, NA
Samsung T139, NA
Samsung S5500 Eco, NA
Samsung A897 Mythic, NA
Samsung M3310, NA
Samsung M3310L, NA
Samsung B5722, NA
Samsung C5130, NA
Samsung S5150 Diva folder, NA
Samsung C3730C, NA
Samsung S7070 Diva, NA
Samsung M5650 Lindy, NA
Samsung C3510 Genoa, NA
Samsung M2520 Beat Techno, NA
Samsung C6112, NA
Samsung S5350 Shark, NA
Samsung E1150, NA
Samsung S3550 Shark 3, NA
Samsung S5550 Shark 2, NA
Samsung S5620 Monte, NA
Samsung C3200 Monte Bar, NA
Samsung E2550 Monte Slider, NA
Samsung E2370 Xcover, NA
Samsung M3710 Corby Beat, NA
Samsung M3710 Corby Beat, NA
Samsung B3410W Ch@t, NA
Samsung I8520 Galaxy Beam, NA
Samsung S8500 Wave, NA
Samsung A697 Sunburst, NA
Samsung A687 Strive, NA
Samsung W9705, NA
Samsung S3650W Corby, NA
Samsung Corby TV F339, NA
Samsung E1170, NA
Samsung Metro TV, NA
Samsung I6500U Galaxy, NA
Lenovo A680,12500
Lenovo A889,14500
Samsung I9000 Galaxy S, NA
Lenovo S750, NA
Samsung Galaxy A, NA
Lenovo S939,20999
Lenovo Golden Warrior S8,17000
Samsung M110S Galaxy S, NA
Samsung W960 AMOLED 3D, NA
Lenovo Golden Warrior A8,18600
Samsung C3300K Champ, NA
Samsung A847 Rugby II, NA
Samsung I5800 Galaxy 3, NA
Samsung I5801 Galaxy Apollo, NA
Lenovo S580,20500
Samsung I5500 Galaxy 5, NA
Samsung S5250 Wave525, NA
Lenovo S856,24000
Lenovo A916,16500
Samsung S5330 Wave533, NA
Lenovo Golden Warrior Note 8,16500
Samsung T369, NA
Lenovo K3,8500
Samsung M570 Restore, NA
Lenovo P90,40600
Samsung i225 Exec, NA
Samsung R360 Messenger Touch, NA
Samsung Intercept, NA
Samsung Acclaim, NA
Samsung Epic 4G, NA
Samsung M350 Seek, NA
Samsung U460 Intensity II, NA
LeEco Le 1s,17000
LeEco Le Max,38749
Samsung U320 Haven, NA
LeEco Le 2,20500
Samsung B6520 Omnia PRO 5, NA
Samsung B7350 Omnia PRO 4, NA
Samsung i897 Captivate, NA
LeEco Le Max 2,20000
LeEco Le Pro3,27500
LeEco Le S3,20500
LeEco Le Pro3 Elite,30999
Samsung C5010 Squash, NA
Samsung Smiley,15400
LeEco Le Pro 3 AI Edition,30999
Samsung T479 Gravity 3, NA
Samsung T669 Gravity T, NA
Samsung A927 Flight II, NA
Samsung Vibrant, NA
Samsung Fascinate, NA
Samsung U360 Gusto, NA
Samsung S5530, NA
Samsung E2152, NA
Samsung M130L Galaxy U, NA
Samsung C3750, NA
Samsung S7230E Wave 723, NA
Samsung C3752, NA
Samsung R900 Craft, NA
Samsung Xcover 271, NA
Samsung Galaxy 551, NA
Samsung R360 Freeform II, NA
Samsung M920 Transform, NA
Samsung Mesmerize i500, NA
Samsung M130K Galaxy K, NA
Samsung A220 F Nori, NA
Samsung A200K Nori F, NA
Samsung I909 Galaxy S, NA
Samsung R570 Messenger III, NA
Samsung R580 Profile, NA
Samsung T249, NA
Samsung M210S Wave2, NA
Samsung S8530 Wave II, NA
Samsung S5750 Wave575, NA
Samsung I8700 Omnia 7, NA
Samsung Focus, NA
Samsung Guru E1081T, NA
Samsung E1225 Dual Sim Shift, NA
Samsung Mpower TV S239, NA
Samsung Mpower Txt M369, NA
Samsung Mpower Muzik 219, NA
Samsung W169 Duos, NA
Samsung Hero Plus B159, NA
Samsung Breeze B209, NA
Samsung E1252, NA
Samsung Ch@t 322 Wi-Fi, NA
Samsung Continuum I400, NA
Samsung U750 Zeal, NA
Samsung R710 Suede, NA
Lenovo A1900,6000
Samsung I100 Gem, NA
Lenovo K80,24000
Samsung E2530, NA
Lenovo A3900,8000
Samsung A667 Evergreen, NA
Lenovo A616,5500
Samsung A817 Solstice II, NA
Samsung I9010 Galaxy S Giorgio Armani, NA
Samsung C3530, NA
Lenovo Vibe X3 c78, NA
Samsung C3630, NA
Lenovo Lemon 3,11500
Lenovo A7000 Turbo,17200
Samsung Ch@t 335, NA
Samsung M190S Galaxy S Hoppin, NA
Lenovo A Plus,7000
Samsung Google Nexus S, NA
Lenovo B,8500
Samsung Droid Charge I510, NA
Samsung R910 Galaxy Indulge, NA
Samsung I997 Infuse 4G, NA
Lenovo K8 Note,18500
Samsung S5260 Star II, NA
Samsung Galaxy S 4G T959, NA
Samsung Galaxy Pop i559, NA
Samsung Galaxy Mini S5570, NA
HTC U11,62899
Lenovo K8,21500
Samsung Galaxy Win I8550, NA
Samsung Galaxy Gio S5660, NA
Samsung Galaxy Fit S5670, NA
Samsung Galaxy Trend II Duos S7572, NA
Samsung Galaxy Ace S5830, NA
Samsung Galaxy Mega 5.8 I9150, NA
Samsung Galaxy Ace S5830I, NA
Samsung Galaxy Mega 6.3 I9200, NA
Samsung I9003 Galaxy SL, NA
Samsung E2330, NA
Samsung E3210, NA
Samsung Ch@t 350, NA
Samsung Galaxy Core I8260, NA
Samsung Galaxy Exhibit T599, NA
Samsung Galaxy S WiFi 5.0, NA
Samsung S5780 Wave 578, NA
Samsung E2652 Champ Duos, NA
Samsung E2652W Champ Duos, NA
Samsung I9100 Galaxy S II, NA
Lenovo K8 Plus,22500
Samsung Galaxy Pro B7510, NA
Samsung S3850 Corby II, NA
Samsung M260 Factor, NA
Samsung Google Nexus S 4G, NA
Samsung E2230, NA
Samsung Google Nexus S I9023, NA
Samsung Google Nexus S I9020A, NA
Samsung M220L Galaxy Neo, NA
Samsung Galaxy Prevail, NA
Samsung M580 Replenish, NA
Samsung Ch@t 220, NA
Samsung Ch@t 222, NA
Samsung C6712 Star II DUOS, NA
Samsung DuosTV I6712, NA
Samsung I9001 Galaxy S Plus, NA
Samsung E1182, NA
Samsung E2232, NA
Samsung R260 Chrono, NA
Samsung C3322,6900
Samsung Dart T499, NA
Samsung C3560,8400
Samsung E1190, NA
Samsung E1195, NA
Samsung C414, NA
Samsung Exhibit 4G, NA
Samsung Gravity SMART, NA
Samsung Trender, NA
Samsung R380 Freeform III, NA
Samsung R640 Character, NA
Samsung Conquer 4G, NA
Samsung Convoy 2, NA
Samsung R720 Admire, NA
Samsung I9103 Galaxy R, NA
Samsung Galaxy S II 4G I9100M, NA
Samsung S5690 Galaxy Xcover, NA
Samsung S3770, NA
Samsung S5610, NA
Samsung Galaxy Q T589R, NA
Samsung Gravity TXT T379, NA
Samsung Galaxy Y S5360, NA
Samsung Galaxy Y TV S5367, NA
Samsung Galaxy Y Pro B5510, NA
Samsung Galaxy M Pro B7800, NA
Samsung Galaxy W I8150, NA
Samsung Galaxy S II LTE I9210, NA
Samsung Galaxy S II LTE i727R, NA
Samsung I9190 Galaxy S4 mini, NA
Samsung Galaxy Ace 3, NA
Samsung Galaxy S II TV, NA
Samsung ATIV S Neo, NA
Samsung Gravity Q T289, NA
Samsung Galaxy Prevail 2, NA
Samsung Ch@t 333, NA
Samsung Galaxy Star Pro S7260, NA
Samsung Galaxy Fame Lite S6790, NA
Samsung Wave Y S5380, NA
Samsung Galaxy Fame Lite Duos S6792L, NA
Samsung Wave M S7250, NA
Samsung S8600 Wave 3, NA
Samsung Galaxy Core Plus, NA
Samsung Galaxy Fresh S7390, NA
Samsung Galaxy S II Epic 4G Touch, NA
Samsung Galaxy Round G910S, NA
Samsung Galaxy S II T989, NA
Samsung Galaxy Light, NA
Samsung Galaxy S II I777, NA
Samsung I9506 Galaxy S4, NA
Samsung C3590, NA
Samsung Galaxy Express 2, NA
Samsung I9230 Galaxy Golden, NA
Samsung Galaxy S Duos 2 S7582, NA
Samsung P6800 Galaxy Tab 7.7, NA
Samsung Galaxy Win Pro G3812, NA
Samsung Galaxy J, NA
Samsung Galaxy S4 Active LTE-A, NA
Samsung Galaxy Core Advance, NA
Samsung Ch@t 527, NA
Samsung Omnia W I8350, NA
Samsung P6200 Galaxy Tab 7.0 Plus, NA
OnePlus One,35000
Samsung M930 Transform Ultra, NA
Samsung DoubleTime I857, NA
Samsung i927 Captivate Glide, NA
OnePlus X,32899
Samsung R730 Transfix, NA
Samsung I405 Stratosphere, NA
Samsung Galaxy Nexus I9250, NA
Samsung Galaxy Nexus i515, NA
Samsung C3520, NA
Samsung C3350, NA
Samsung Galaxy Note 3 Neo, NA
Samsung Exhibit II 4G T679, NA
Samsung C3330 Champ 2, NA
Samsung Galaxy S II Skyrocket i727, NA
Samsung Focus Flash I677, NA
Samsung Focus S I937, NA
Samsung E1230, NA
Samsung E1232B, NA
Samsung E1050, NA
Samsung I110 Illusion, NA
Samsung R680 Repp, NA
Samsung M370, NA
Samsung E2600, NA
Samsung Galaxy Y Pro Duos B5512, NA
Samsung Galaxy Y Duos S6102, NA
Samsung I929 Galaxy S II Duos, NA
Samsung Galaxy Ace Plus S7500, NA
Samsung Galaxy M Style M340S, NA
Samsung Galaxy Note I717, NA
Samsung Galaxy Note T879, NA
Samsung Galaxy S II Skyrocket HD I757, NA
Samsung Exhilarate i577, NA
Samsung Galaxy Nexus LTE L700, NA
Samsung Galaxy S Blaze 4G T769, NA
Samsung Galaxy Attain 4G, NA
Samsung Galaxy Nexus I9250M, NA
Samsung Star 3 Duos S5222, NA
Samsung Star 3 s5220, NA
Samsung C3312 Duos, NA
Samsung I9070 Galaxy S Advance, NA
Samsung Galaxy Pop Plus S5570i, NA
Samsung Galaxy Ace Duos I589, NA
Samsung Galaxy mini 2 S6500, NA
Samsung Galaxy Ace 2 I8160, NA
Samsung Galaxy Ace II X S7560M, NA
Samsung W999, NA
Samsung Rugby Smart I847, NA
Samsung I8530 Galaxy Beam, NA
Samsung Galaxy Pocket S5300, NA
Samsung Galaxy Pocket plus S5301, NA
Samsung Galaxy Player 70 Plus, NA
Samsung U380 Brightside, NA
Samsung E2350B, NA
Samsung I9300 Galaxy S III, NA
Samsung Galaxy S III CDMA, NA
Samsung Galaxy S III I747, NA
Samsung Galaxy S III T999, NA
Samsung Focus 2 I667, NA
Samsung I9500 Fraser, NA
Samsung Omnia M S7530, NA
Samsung Galaxy Proclaim S720C, NA
Samsung C3782 Evan, NA
Samsung C3780, NA
Samsung Galaxy Appeal I827, NA
Samsung Galaxy Ace Duos S6802, NA
Samsung Galaxy Ace Advance S6800, NA
Samsung Galaxy I8250, NA
Samsung U485 Intensity III, NA
Samsung Galaxy Chat B5330, NA
Samsung E2252, NA
Samsung E1200 Pusha, NA
Samsung E1260B, NA
Samsung E2262, NA
Samsung Manhattan E3300, NA
Samsung Galaxy S Duos S7562, NA
Samsung Galaxy Note 3 Neo Duos, NA
Samsung Galaxy Star Trios S5283, NA
Samsung Galaxy S Lightray 4G R940, NA
Samsung Array M390, NA
Samsung Galaxy Note 10.1 N8010, NA
Samsung Galaxy Note 10.1 N8000, NA
Samsung Galaxy Reverb M950, NA
Samsung Galaxy Stellar 4G I200, NA
Samsung Galaxy Rush M830, NA
Samsung Galaxy Camera GC100, NA
Samsung Ativ S I8750, NA
Samsung Galaxy Note II CDMA, NA
Samsung Galaxy Pocket Duos S5302, NA
Samsung Champ Neo Duos C3262, NA
Samsung Galaxy S Relay 4G T699, NA
Samsung Galaxy Victory 4G LTE L300, NA
Samsung I9305 Galaxy S III, NA
Samsung Ch@t 357, NA
Samsung Galaxy Express I437, NA
Samsung Galaxy Rugby Pro I547, NA
Samsung Galaxy Music Duos S6012, NA
Samsung Galaxy Music S6010, NA
Samsung I8190 Galaxy S III mini, NA
Samsung Comment 2 R390C, NA
Samsung Google Nexus 10 P8110, NA
Samsung Galaxy Premier I9260, NA
Samsung Galaxy Pop SHV-E220, NA
Samsung Galaxy Discover S730M, NA
Samsung Galaxy Stratosphere II I415, NA
Samsung Galaxy Axiom R830, NA
Samsung A997 Rugby III, NA
Samsung Galaxy Note LTE 10.1 N8020, NA
Samsung Star Deluxe Duos S5292, NA
Samsung Galaxy Grand I9082, NA
Samsung Ativ Odyssey I930, NA
Samsung I9105 Galaxy S II Plus, NA
Samsung S7710 Galaxy Xcover 2, NA
Samsung Galaxy Express I8730, NA
Samsung Galaxy Fame S6810, NA
Samsung Galaxy Young S6310, NA
Samsung E1207T, NA
Samsung E1282T, NA
Samsung Metro E2202, NA
Samsung Rex 60 C3312R, NA
Samsung Rex 70 S3802, NA
Samsung Rex 80 S5222R, NA
Samsung Rex 90 S5292, NA
Samsung Galaxy Y Plus S5303, NA
Samsung Galaxy Note 8.0 Wi-Fi, NA
Samsung Galaxy S4 CDMA, NA
Samsung I9500 Galaxy S4, NA
Samsung I9505 Galaxy S4, NA
Samsung Galaxy Star S5280, NA
Samsung Galaxy Pocket Neo S5310, NA
Samsung Galaxy Core Lite LTE, NA
Samsung E1272, NA
Samsung Galaxy Tab S 8.4 LTE, NA
Samsung S5611, NA
Samsung Galaxy S5 LTE-A G906S, NA
Samsung Galaxy S5 Sport, NA
Samsung Galaxy Core LTE G386W, NA
Samsung Galaxy S5 (USA), NA
Samsung Galaxy Core II, NA
Samsung Galaxy S5 (octa-core), NA
Samsung Galaxy Young 2, NA
Samsung Galaxy S5 Duos, NA
Samsung I8200 Galaxy S III mini VE, NA
Samsung Galaxy Ace 4, NA
Samsung G3812B Galaxy S3 Slim, NA
Samsung Galaxy Ace 4 LTE G313, NA
Samsung Galaxy Star 2 Plus, NA
Samsung Galaxy Ace NXT, NA
Samsung Metro 312, NA
Samsung Guru Music 2, NA
Samsung Galaxy S Duos 3, NA
Samsung ATIV SE, NA
Samsung I9300I Galaxy S3 Neo, NA
Samsung Galaxy Avant, NA
Samsung Galaxy Beam2, NA
Samsung Galaxy K zoom, NA
Samsung Galaxy S5 Active, NA
Samsung Z, NA
Samsung Galaxy W, NA
Samsung I9301I Galaxy S3 Neo, NA
Samsung Galaxy S5 mini Duos, NA
Samsung Galaxy Alpha (S801), NA
Samsung Galaxy S5 LTE-A G901F, NA
Samsung Galaxy Mega 2, NA
Samsung Galaxy Note 4 (USA),42999
Samsung Galaxy Note 4 Duos,42999
Samsung Galaxy Ace Style LTE G357, NA
Samsung Galaxy Grand Prime Duos TV, NA
Samsung Galaxy V, NA
Samsung Galaxy Pocket 2, NA
Samsung Galaxy S5 Plus, NA
Samsung Galaxy A3 Duos, NA
Samsung Galaxy A5 Duos,30349
Samsung Galaxy Core Prime, NA
Samsung Galaxy E5, NA
Samsung Galaxy E7,29099
Samsung Galaxy Grand Max, NA
Samsung Galaxy A7 Duos, NA
Samsung Z1, NA
Samsung Galaxy J2,12249
Samsung Galaxy S6 edge (USA), NA
Samsung Galaxy S6 active, NA
Samsung Xcover 550, NA
Samsung Metro 360, NA
Samsung Guru Plus, NA
Samsung Galaxy Note5 Duos, NA
Samsung Galaxy J5,24249
Samsung Galaxy J7 Nxt, NA
Samsung Galaxy A8,36749
Samsung Galaxy Express Prime, NA
Samsung Galaxy J1 Nxt, NA
Samsung Galaxy A8 Duos, NA
Samsung Galaxy S7 active, NA
Samsung Galaxy Xcover 3 G389F, NA
Samsung Z3 Corporate Edition, NA
Samsung Galaxy Folder, NA
Samsung Galaxy J2 Pro (2016), NA
Samsung Galaxy S4 mini I9195I, NA
Samsung Galaxy On7 Pro,17999
Samsung Galaxy On5 Pro, NA
Samsung Z2, NA
Samsung Galaxy On7 (2016), NA
Samsung Galaxy On8, NA
Samsung Galaxy Xcover 4, NA
Samsung Z4, NA
Samsung Galaxy J5 Pro,29999
Samsung Galaxy J7 (2017),32000
Samsung Galaxy J7 Max,32499
Samsung Galaxy S5 Neo, NA
Samsung Galaxy Note5 (USA),60999
Samsung Galaxy C7, NA
Samsung Galaxy Note FE, NA
Samsung Galaxy J7 V, NA
Samsung Galaxy S8 Active,89500
Samsung Galaxy J1 Ace,9999
QMobile i5.5,7950
QMobile Noir i2 Pro,6599
Qmobile Energy X2,11000
QMobile Noir A1 Lite,16300
QMobile Noir A1,8500
Huawei Honor 8 Lite,23500
Huawei Y3 (2017),13899
Huawei P10 Plus,71999
Samsung Galaxy A3 (2017),29999
Samsung Galaxy J3 (2017),17999
Motorola Moto X4,32000
Motorola Moto E4,12999
Motorola Moto E4 Plus,18230
Huawei P10 Lite,31999
Nokia 150,3400
QMobile Noir J7 Pro,9399
OPPO F3,28900
Oppo U705T Ulike 2,7649
Qmobile Noir M350 Pro,9899
Qmobile Energy X1,8200
Motorola RAZR HD XT925,8850
Microsoft Kin TWOm,5000
Sony Xperia ion LTE, NA
Sony Xperia E1 II, NA
Sony Xperia M Ultra, NA
Oppo N1,39200
Oppo R1001 Joy,7500
Oppo Find 5 Mini,10500
Oppo R5,15950
Oppo Neo 5 (2015),9500
Oppo Find 5, NA
Oppo R2001 Yoyo,14000
Oppo R821T FInd Muse,6500
Oppo A33,16500
Oppo R1 R829T,24000
Oppo R1x,16000
Oppo Neo,19000
Oppo R5s,17500
Oppo R1S,12500
Oppo R819,7500
Oppo R815T Clover,12000
Oppo Mirror 5s,18000
Oppo Find, NA
Oppo A31,15000
Oppo R3,10000
Oppo U3,9500
Oppo U701 Ulike,5500
Oppo R817 Real,11500
Oppo T29,7500
Oppo R601,6500
Oppo R811 Real,10500
Oppo F3 Plus,37699
Sony Xperia M, NA
Sony Xperia SL, NA
Sony Xperia T, NA
HTC One (M8i),32999
HTC One M8 Prime,30700
HTC Tiara, NA
Sony Xperia TX, NA
Sony Xperia V, NA
HTC Primo, NA
HTC Zeta, NA
HTC Ville, NA
Sony Xperia E dual, NA
HTC Ignite, NA
Sony Xperia tipo dual, NA
HTC Desire HD2,22000
Sony Xperia SP, NA
HTC S620,14999
Sony Xperia L, NA
Sony Xperia Z, NA
HTC S710,14999
HTC Advantage,51000
HTC Shift,34999
HTC P6300, NA
HTC Touch, NA
HTC S630,14999
HTC TyTN II,30000
HTC S730,25500
HTC P6500, NA
HTC Touch Dual,23800
HTC Touch Cruise, NA
HTC P3470,6000
HTC Advantage X7510,51000
HTC Touch Diamond CDMA, NA
HTC Touch Pro CDMA, NA
HTC S740,13200
HTC Touch Viva,12700
HTC Touch 3G,24500
HTC Touch HD,32300
HTC Touch Cruise 09, NA
HTC Dream,33899
HTC Touch Diamond2,4500
HTC Touch Diamond2 CDMA, NA
HTC Touch Pro2,36000
HTC Touch Pro2 CDMA,13200
HTC Tilt2, NA
HTC Magic,7000
HTC Schubert, NA
HTC Snap,8999
HTC Ozone,14990
HTC Hero,17499
HTC Hero CDMA,10600
HTC Touch2,13000
Sony Xperia acro S, NA
Sony Xperia SX SO-05D, NA
Sony Xperia GX SO-04D, NA
Sony Xperia acro HD SO-03D, NA
Sony Xperia acro HD SOI12, NA
Sony Xperia ion HSPA, NA
Sony Xperia U, NA
LG K8 (2017),10200
HTC Tattoo,9350
HTC Pure,41600
HTC DROID ERIS,48000
HTC HD2,22000
HTC Smart,11999
HTC Google Nexus One,30000
Sony Xperia SX SO-05D, NA
HTC Rider, NA
HTC Legend,11000
LG AKA,9399
HTC HD mini,16000
HTC Desire, NA
HTC Wildfire,10600
HTC Aria,6899
HTC Evo 4G+,22000
HTC Paradise, NA
HTC Desire Z,12000
HTC Desire HD,13000
HTC Arrive,37999
HTC 7 Trophy,43000
LG F70 D315,23000
HTC 7 Mozart,16499
HTC 7 Surround,67800
Motorola v8088,999
Motorola Talkabout T2288,650
Motorola V2288,499
Motorola Timeport P7389,850
Motorola Timeport L7089,799
HTC 7 Pro, NA
Motorola V3690,650
HTC Gratia, NA
HTC EVO Shift 4G,11000
Motorola V3688,500
HTC ThunderBolt 4G,21199
Motorola StarTAC 130,750
HTC Freestyle,31000
HTC Inspire 4G,12500
Motorola StarTAC 85,500
Motorola StarTAC Rainbow,500
HTC Flyer,31000
HTC ChaCha,14500
Motorola StarTAC 75+, NA
Asus Zenfone 5 Lite A502CG,11500
Motorola StarTAC 75,500
HTC Salsa,12499
Motorola SlimLite,850
HTC Wildfire S,12999
Motorola cd930,999
HTC Merge,35100
Motorola cd920,850
HTC Prime, NA
Motorola M3188, NA
HTC HD7S,23500
Motorola M3288, NA
HTC Trophy,21499
Motorola M3588, NA
Motorola M3688, NA
HTC Glacier,20000
Motorola M3788, NA
HTC Lead, NA
Motorola M3888, NA
HTC Rhyme CDMA,13200
Motorola d520,999
HTC Raider 4G,34990
Motorola Moto X,10000
HTC One SC,37000
Motorola MOTO XT615,6500
HTC One ST, NA
Motorola Moto X Play Dual SIM,27000
HTC One X+, NA
Motorola MOTO XT702,6700
HTC One ME,22249
Motorola MOTO XT882, NA
HTC 10,45000
Samsung Galaxy Fame, NA
Samsung Wave 3, NA
Samsung Galaxy S8,54249
Motorola Defy Mini XT320,13350
Motorola Defy Mini XT321,11500
Motorola FIRE XT311, NA
Motorola FIRE XT, NA
Motorola EX212, NA
Motorola EX119,5500
Motorola MOTOKEY Mini EX109,4670
Motorola EX226, NA
Motorola Moto G 4G,15499
Motorola Moto G4 Plus,21349
BlackBerry Curve 8310,3999
Motorola Moto G5 Plus,19000
BlackBerry Curve 9350,29000
BlackBerry Pearl 8100,11990
BlackBerry Curve 8530,3790
BlackBerry Z20, NA
BlackBerry Curve 3G 9330,10350
BlackBerry Storm2 9520,9500
BlackBerry Storm 9500,19999
BlackBerry Curve 8900,14500
BlackBerry Storm 9530,20000
BlackBerry Pearl Flip 8220,4450
BlackBerry Tour 9630,13500
Qmobile K145,1650
BlackBerry Bold 9650,34500
BlackBerry Pearl 3G 9105,22950
BlackBerry Classic Non Camera,37500
Qmobile E95,1799
BlackBerry Bold Touch 9900,28500
BlackBerry Keyone,55990
BlackBerry Aurora,28889
Qmobile S350, NA
BlackBerry 7130c,14500
BlackBerry 7100x,11000
BlackBerry 7130v,20400
BlackBerry 7730,13000
QMobile K160,1650
BlackBerry 7100t,12000
BlackBerry 6720,17800
BlackBerry 7130g,24600
BlackBerry 7100v,11000
BlackBerry 8707v,23800
BlackBerry 7230,18700
BlackBerry 7290,15000
BlackBerry 8700c,13300
BlackBerry Curve 9370,43000
BlackBerry Style 9670,5530
BlackBerry Bold 9700,23000
Qmobile S270, NA
BlackBerry Bold 9780,27500
BlackBerry 9720,21000
BlackBerry Bold 9790,24000
Qmobile L7,1550
BlackBerry Torch 9850,11999
BlackBerry Torch 9810,9990
Qmobile E550 Music,1700
Qmobile Power9, NA
BlackBerry Torch 9800,8500
Qmobile Power2 Pro, NA
BlackBerry Curve Touch CDMA,18300
Qmobile X4, NA
BlackBerry Curve 9380,26499
BlackBerry Curve 9220,12000
Qmobile K140,1600
BlackBerry Curve 8520,12500
BlackBerry Curve 3G 9300,13300
Qmobile D1,1550
BlackBerry Curve 9320,15000
BlackBerry Curve 9360,17500
Qmobile B65 Music,1500
Qmobile B65,1400
BlackBerry Q5,15499
Huawei P10,54500
Qmobile 3G 2,2700
Motorola RAZR2 V9,999
Qmobile Power8, NA
Sony Xperia sola, NA
Qmobile L2i,1300
Sony Xperia P, NA
Sony Xperia S, NA
Panasonic P88,14000
Qmobile L1 Classic,1290
panasonic p31,10300
Qmobile Eco2,1499
Panasonic T40,10200
Sony Xperia J, NA
Panasonic P66,9500
Qmobile E3,1750
panasonic T-40,10100
Panasonic P81,16500
Panasonic Eluga L2,10500
Qmobile E400 pro,1450
Sony Xperia L1,19000
HTC MAX 4G,51000
Qmobile C15,1599
Asus A500KL,28000
Sony Xperia XZ Premium,61249
Qmobile Atv 2,2300
HTC M7,19500
iphone 4s,9500
Qmobile 3G lite,2300
Qmobile atv 1,1800
Samsung Galaxy A9 Pro (2016),31999
Samsung Galaxy A7 2017,44999
Samsung Galaxy A5 (2017),41999
Samsung Galaxy A8 (2016),36749
Samsung Galaxy J5 Prime,19290
Samsung Galaxy J7 (2016),23049
Oppo N3,31499
Oppo Joy,6700
Oppo Joy Plus,7600
Oppo Joy 3,9450
Oppo Neo 5s,11200
Oppo Mirror 3,18100
Oppo F1,23900
Oppo Mirror 5,24300
Oppo R7 Plus,30000
Oppo Find 7,19950
Oppo Neo 5,8000
Oppo A37,16249
Oppo Neo 7,12900
Oppo F1s,19900
Oppo F1 Plus,39900
Oppo A57,21499
OnePlus 3T,42945
OnePlus 3,39999
Blackberry Passport,27990
Blackberry Dtek50,25749
Huawei Honor 3C,17500
Huawei Honor 4X,23500
Huawei Y3,7899
Huawei P8,18999
Huawei Y6,13500
Huawei Ascend Y520,8999
Huawei Ascend G7,24249
Huawei Ascend Mate 7,24999
Huawei Mate S,44949
Huawei Honor 7,34499
Huawei Honor 4C,15000
Huawei Ascend P7,40990
Huawei Nova,30000
Huawei G8,29949
Huawei Y5,13499
Huawei Enjoy 6,19000
Huawei Ascend G6,22899
Huawei Nexus 6P,49890
Huawei P9 Plus,58899
Huawei P9,21999
Huawei Mate 8,41999
Huawei Honor Note 8,45000
Huawei Y5II,10999
Huawei Y3II,9490
Huawei Y6 Pro,13699
Huawei GR3,13999
Huawei P9 Lite,20099
Huawei P8 Lite,17000
Huawei P8 Max,50999
Huawei Honor 5X,15399
Huawei Honor 6x,26500
Huawei Nova Plus,28890
QMobile Noir Z9 Plus,19499
QMobile Noir Z8 Plus,17899
QMobile Noir i6 Metal HD,7200
QMobile Noir S2,8400
QMobile Noir LT680,11300
QMobile Noir S5,11399
Qmobile Noir LT700 Pro,13000
QMobile Noir S9,14700
QMobile Noir A6,15000
QMobile J5,10500
QMobile Noir S1,8499
QMobile Noir S4,11599
QMobile Noir Z10,14000
Qmobile Noir Z12 Pro,16000
Qmobile Noir Z14,20475
QMobile Noir Z9, NA
Motorola Moto M,23999
Motorola Nexus 6,16990
Motorola Moto G4 Plus,21349
Motorola Moto E2,9500
Motorola Moto X Style,31500
Motorola Moto G,15499
Motorola Moto Z Play,36249
Lenovo S860,19000
Alcatel Pixi 4 (6),9400
Alcatel Pop Star,11500
Alcatel Pixi 4 Power Plus,12750
Alcatel Pop 4,13700
Alcatel Pop Star 4G,13490
Alcatel Pop 4 Plus,9999
Alcatel Pop Up,12999
Alcatel X1,19999
Alcatel Pop 4S,13200
Alcatel Idol 3,22900
Alcatel Idol 4,28750
Alcatel Idol 4s,47000
Asus Zenfone 3 Deluxe ZS570KL,61499
Asus Zenfone 3 Deluxe 5.5,59999
Asus Zenfone Selfie ZD551KL,22149
Asus Zenfone Max ZC550KL,19999
Asus Zenfone 2 Deluxe ZE551ML,33499
Asus Zenfone 2 Laser ZE601KL,25499
Asus Zenfone 2 Laser ZE600KL,25499
Asus Zenfone 2 ZE551ML,21999
HTC One X9,22999
HTC One A9,19375
HTC One E9,15000
Huawei Mate 9 Porsche Design,142449
Oppo R7,25000
Panasonic Eluga Arc 2,12500
Panasonic Eluga Tapp,11500
Panasonic P77,11000
Panasonic P55 Novo,10900
Panasonic P88,14000
Xiaomi Mi Max,24999
Xiaomi Mi5s,29999
Xiaomi Redmi Note 4,18999
Samsung Galaxy J2 Prime,13499
Huawei P8 Lite 2017,17399
LG A250,4500
LG A270,3000
LG A230,6000
LG A290,3000
LG A200,6200
LG T515 Cookie Duo,5500
LG T510,6599
LG T505,11500
LG Ego T500,7700
LG C365,4000
LG C375 Cookie Tweet,4500
LG Optimus Big,17700
LG Thrive,11000
LG G Flex2,19499
LG G5,38999
LG Cosmos 2, NA
LG US760 Genesis,6500
LG A100,3000
LG T315,12000
Lenovo K6 Note,18499
Lenovo K6 Power,16900
Lenovo Zuk Edge, NA
Lenovo Zuk Z1,19245
Lenovo Vibe Shot,25000
Lenovo Phab2 Plus,27000
Lenovo A369i,6999
Lenovo A536,12100
Lenovo Vibe P1 Turbo,21100
Lenovo Phab2 Pro,62999
Lenovo Phab2,24499
Lenovo A6010 Plus,12500
Lenovo A319,7400
Lenovo P70,20990
Lenovo Vibe X2,19499
Lenovo Vibe X3,14000
Lenovo S90,26900
Lenovo S850,18500
Lenovo Phab Plus,25500
Lenovo Phab,17490
Lenovo A850,17500
Lenovo K900,34999
Lenovo A859,15500
Lenovo A316i,6000
Lenovo A328,9400
Lenovo S60, NA
Lenovo A390,7800
Lenovo S920,29000
Lenovo P780,22500
Lenovo A516,7999
Lenovo Vibe X S960,21000
Lenovo Vibe Z2 Pro, NA
Lenovo A706,17500
Lenovo S660,20500
Lenovo A526,8200
Sony Xperia Z5 Compact, NA
Sony Xperia Z5 Premium,45499
Sony Xperia C3 Dual, NA
Sony Xperia C4 Dual, NA
Sony Xperia M4 Aqua, NA
Sony Xperia M5 Dual, NA
Sony Xperia C5 Ultra Dual, NA
Sony Xperia E4 Dual,14399
Sony Xperia Z3+ Dual, NA
Samsung Galaxy J3 Emerge, NA
Samsung Galaxy J1 Mini Prime,8349
Asus Zenfone 3 Zoom ZE553KL,34000
Asus Zenfone 3s Max ZC521TL,22000
Asus Zenfone Go ZC500TG,11499
Asus Zenfone Zoom ZX551ML,48499
Asus Zenfone 3 ZE552KL,37099
Asus Zenfone 3 ZE520KL,29000
Asus Live G500TG,24500
Asus Zenfone 2E,12000
BlackBerry Q10,16400
BlackBerry Z10,15799
BlackBerry Z30,22490
BlackBerry Porsche Design Pâ9982,38999
BlackBerry Z3,12999
Blackberry Classic,33000
Blackberry Porsche Design Pâ9983,64090
Blackberry Leap,12499
Microsoft Lumia 640,15999
Microsoft Lumia 430,5449
Microsoft Lumia 830,21499
Microsoft Lumia 650,20499
Microsoft Lumia 435,5249
Microsoft Lumia 532,7500
Microsoft Lumia 535,9300
Microsoft Lumia 550,13249
Microsoft Lumia 630,13899
Microsoft Lumia 540,9749
Microsoft Lumia 735,13999
Microsoft Lumia 730 Dual Sim,18999
Microsoft Lumia 640 XL,11999
Microsoft Lumia 920,19999
Microsoft Lumia 925,22999
Microsoft Lumia 928,23999
Microsoft Lumia 1320,18249
Microsoft Lumia 1520,48999
Microsoft Lumia 950,55999
Microsoft Lumia 950 XL,64399
Motorola Atrix TV,8500
Motorola MotoGO TV,4500
Motorola Motosmart Me,5500
Motorola Motokey 3-Chip,4850
Motorola MotoGO,5500
Motorola Motosmart Flip, NA
Motorola Defy,5999
Motorola Gleam+, NA
Motorola Droid 4, NA
Motorola Droid Razr Maxx, NA
Motorola Motoluxe,6590
Motorola Razr XT910,8750
Motorola Atrix 2,8850
Motorola Admiral,7830
Motorola Pro+,4450
Motorola Defy+, NA
Motorola Razr Maxx,8999
Motorola Atrix HD,9950
Motorola Defy Pro,6700
Motorola Photon Q 4G,7730
Motorola Droid Razr Maxx HD, NA
Motorola Moto X Force,15600
Motorola Moto X Play,30100
Motorola Moto G3,17500
Motorola Droid Razr M, NA
Motorola Droid Razr HD, NA
Motorola Razr i,7500
Motorola Droid Razr D1,7540
Motorola Droid Mini,10500
Motorola Droid Maxx,11500
Motorola Droid Ultra,10950
Motorola Moto X,9999
Motorola Moto E, NA
Motorola Luge, NA
Motorola Moto G2 Dual SIM,11500
Motorola Moto X (2nd Gen),9500
Motorola Droid Turbo,12499
Motorola Moto Maxx,14500
Motorola Droid Maxx 2,11999
Motorola Droid Turbo 2,13995
Motorola Moto G4,14500
Motorola Moto Z Force,44500
Motorola Moto E3,13000
Motorola Moto E3 Power,13000
Motorola Moto Z,30000
HTC Desire C,11299
HTC J,54000
HTC Droid Incredible 4G,31000
HTC Evo 4G,22000
HTC One XC,24500
HTC One X,27999
HTC One S,22499
HTC Velocity 4G, NA
HTC One V,18499
HTC Titan II,45500
HTC Rezound, NA
HTC Vivid, NA
HTC EVO Design 4G,21949
HTC Sensation XL,14000
HTC Explorer,10600
HTC Amaze 4G,23999
HTC Rhyme,18399
HTC Hero S,24000
HTC Sensation XE,29999
HTC Titan,44499
HTC Radar,11999
HTC Panache,32899
HTC Status,11400
HTC Butterfly,47999
HTC Droid DNA,66899
HTC One SV,28499
HTC Desire SV,29000
HTC One VX,24000
HTC One X+,47000
HTC Windows Phone 8X,24500
HTC Windows Phone 8S,14999
HTC One ST, NA
HTC One SC,22500
HTC Desire X,19999
HTC Desire VT,18999
HTC Desire XC,21500
HTC Desire VC,20999
HTC Desire V,12000
HTC Desire 400,20999
HTC Desire U,17500
HTC One,32999
HTC First,10000
HTC Desire 600,30000
HTC Desire 200,11500
HTC Butterfly S,42000
HTC 8XT,19500
HTC Desire Q, NA
HTC Desire P, NA
HTC Desire L,17400
HTC Desire 326G,15500
HTC Desire 816G,21500
HTC Desire Eye,32000
HTC Desire 612,19000
HTC Desire 820q,24499
HTC Desire 820,24000
HTC One E8,21499
HTC Desire 510,17000
HTC One M8 Windows,16699
HTC Butterfly 2,30500
HTC One Remix, NA
HTC Desire 516,23000
HTC One Mini 2,26000
HTC Desire 210,9000
HTC One M8,29999
HTC One M8s,37999
HTC Desire 310,10000
HTC Desire 816, NA
HTC Desire 610,31500
HTC Desire 700,21500
HTC Desire 501,16999
HTC One Max,28000
HTC Desire 300,18499
HTC Desire 601,26499
HTC Desire 500,24000
HTC One Mini,9999
Sony Xperia X Performance,45999
Sony Xperia X,33499
Sony Xperia Z5 Dual,39999
Sony Xperia Z5,39999
HTC Desire 520,15500
HTC Desire 526,11000
HTC One E9+,32000
HTC Desire 526G+,10000
HTC Desire 830,20449
HTC Desire 626s,22000
HTC Butterfly 3,57500
HTC One M9s,25000
HTC Desire 625,7000
HTC One S9,22500
HTC Desire 10 Lifestyle,24999
HTC One E9s,18500
HTC One A9s,21900
HTC Desire 10 Pro,24899
HTC Desire 630,14499
HTC Desire 628,15236
HTC Desire 728,19900
HTC Desire 626G+,15000
HTC Desire 626,19499
HTC Desire 320,9500
HTC Desire 620,12850
HTC Desire 616,8899
HTC Desire 530,14849
HTC Desire 620G,12500
HTC Desire 825,16500
HTC Desire 828,18000
HTC Desire 826,25499
HTC Desire 820S,17990
HTC Desire 820G+,15999
HTC Desire 650,17200
HTC One M9+,41000
HTC One M9,40900
LG A258,4000
LG A350,4500
LG S365,4500
LG Optimus Pro,8800
LG Optimus Black (White Version),30000
LG Marquee, NA
LG Esteem,25600
LG Optimus Net Dual,14000
LG Optimus Sol,26400
LG Optimus Hub,10000
LG Optimus Q2,30000
LG Optimus EX,13999
LG Optimus Slider,13000
LG Jil Sander Mobile, NA
LG S367,11900
LG Enlighten, NA
LG DoublePlay,15999
LG Extravert,8000
LG Optimus 2, NA
LG Optimus 4G,12000
LG Nitro HD, NA
LG Prada 3.0,24000
LG X350,14700
LG Spectrum,15370
LG Viper 4G,13999
LG Connect 4G,24999
LG Rumor Reflex,15000
LG Optimus LTE Tag,17500
LG Optimus L5,12999
LG Optimus L7,13999
LG Optimus 3D Max,30000
LG Optimus 4x HD,20000
LG Optimus M+,6500
LG Lucid 4G, NA
LG Optimus True HD LTE,24000
LG Stylus 2,17000
LG K10,16000
LG K7,12000
LG K4,11000
LG Xpression,8000
LG Optimus LTE2,15000
LG Optimus Elite,14500
LG T385,6000
LG C199,7800
LG Optimus L3,10999
LG Optimus Vu,28000
LG Motion 4G, NA
LG Escape, NA
LG Splendor,12000
LG Intuition,22610
LG Optimus G,8999
LG Optimus Vu II,32000
LG Optimus L9 P769,26500
LG Mach LS860, NA
LG Spectrum II 4G,4500
LG Tri Chip C333,8500
LG C299,4099
LG A395,6199
LG Nexus 4, NA
LG Optimus L3 II Dual,12500
LG Optimus L5 II Dual,16500
LG Nexus 5x,30499
LG G4,13999
LG V10,41500
LG V20,30500
LG A390,3499
LG Optimus L7 II,15500
LG Optimus G Pro,16500
LG Optimus F5,9999
LG Optimus F6,16500
LG Optimus F7,17000
LG Lucid 2,29000
LG Optimus F3,10500
LG Optimus Zone,16999
LG Optimus GJ,13000
LG Enact, NA
LG Optimus L9 II,15000
LG G2,8999
LG Vu 3,32200
LG Optimus L2 II,9000
LG G Pro Lite,20400
LG Fireweb,17000
LG G Flex, NA
LG Nexus 5, NA
LG GX,12300
LG Optimus F3Q,11500
LG Optimus L1 II Tri,8800
LG Optimus L4 II Tri,8999
LG G Pro 2,40500
LG L70 Dual,13720
LG L90 Dual,9500
LG G2 Mini,13999
LG F70,23700
LG Lucid 3 VS876,21000
LG L80 Dual,14000
LG L80,16200
LG Volt,10170
LG L35,10000
LG L65 D280,17800
LG G3 S, NA
LG L30,6500
LG L50,11000
LG G3 A,19999
LG G Vista,32000
LG L Fino,19040
LG L Bello,17500
LG G3 Stylus,15449
LG L60, NA
LG F60,10140
LG G3 Screen,18500
LG G2 Lite,19850
LG L Prime,25500
LG Tribute,5900
LG Joy,12500
LG Leon, NA
LG Spirit,13000
LG Magna, NA
LG G Stylo,16000
LG G4c,21999
LG G4 Beat,14500
LG Bello II,14000
LG Tribute 2,8500
LG Zero,21700
LG G Vista 2,42000
LG Ray,42000
LG X Screen,13500
LG X Cam,31500
LG K5,10000
Lg Stylo 2,16000
LG Stylus 2 Plus,31200
LG X Style,14000
LG X Mach,29800
LG X Max,21000
LG Stylus 3,14900
Sony Xperia Neo L, NA
Sony Xperia Go, NA
Sony Xperia Tipo, NA
Sony Xperia Z2a, NA
Sony Xperia E4g, NA
Sony Xperia Z1s, NA
Sony Xperia U, NA
Sony Xperia P, NA
Sony Xperia ZL, NA
Sony Xperia V, NA
Sony Xperia Miro, NA
Sony Xperia E, NA
Sony Xperia M2 Aqua, NA
Sony Xperia T3, NA
Sony Xperia E1, NA
Sony Xperia SP, NA
Sony Xperia L, NA
Sony Xperia E3, NA
Sony Xperia XA Dual, NA
Sony Xperia Z3 Compact, NA
Sony Xperia T2 Ultra, NA
Sony Xperia C, NA
Sony Xperia Z Ultra, NA
Sony Xperia M, NA
Sony Xperia XA Ultra,31999
Sony Xperia XZ,50999
Sony Xperia XA, NA
Sony Xperia M2, NA
Sony Xperia Z1 Compact, NA
Sony Xperia E5, NA
Sony Xperia ZR, NA
Sony Xperia Z, NA
Sony Xperia Z1, NA
Sony Xperia Z2, NA
Huawei G7 Plus, NA
Huawei Honor 7i,25149
Huawei Ascend Y300,13499
Huawei Honor Holly,15000
Huawei G9 Plus,41500
Huawei Honor Bee,8000
Huawei Y560,9499
Huawei Honor Holly 2 Plus,13500
Huawei Honor 5A,11500
Huawei Honor V8,39000
Huawei Ascend P6,35500
Huawei Y360,9000
Huawei Enjoy 6s,25500
Huawei Honor Holly 3, NA
Huawei Honor 6 Plus,34499
Huawei Honor 5c,18999
Huawei Mate 9 Pro,70999
QMobile Noir A550,7700
QMobile Noir A15 3D,5549
QMobile Noir A900,7500
QMobile Noir A10,5500
QMobile Noir A610,12999
QMobile Noir V5,7700
QMobile Noir Z4 Mini,13500
QMobile Noir Z6, NA
QMobile Linq X100,7000
QMobile Noir i6,7500
QMobile A1,16500
QMobile Noir Z4,12500
QMobile Noir i12,14500
QMobile Noir i9,6950
QMobile Noir X950,16500
QMobile Noir i5,5200
QMobile Noir Z7, NA
QMobile Noir X900,14400
QMobile Noir A500,5200
QMobile Noir Z3,12999
QMobile Noir i5i,7750
QMobile Noir i10,7250
QMobile Noir X800,8500
QMobile Noir LT600,9500
QMobile Noir i8,10500
QMobile Noir LT250,8750
QMobile Power 3, NA
QMobile T50 Bolt, NA
QMobile Noir X90,7000
QMobile Noir X600,20500
QMobile Noir X450,7500
QMobile T200 Bolt, NA
QMobile Noir A75,7499
QMobile Linq X300,8500
QMobile Noir Z5, NA
QMobile Noir LT150,10200
QMobile Noir A750,10500
QMobile B800,3800
QMobile Noir X500,10900
QMobile Noir X350,12850
QMobile Noir A950,6500
QMobile Noir V4,5500
QMobile Noir A8i,8500
QMobile Noir X35,7100
QMobile E990 Sirocco Edition,3800
QMobile Noir A115 ATV,5990
QMobile Noir A110,5200
QMobile Noir X700,9850
QMobile W1, NA
Qmobile Linq X70,7500
QMobile Noir i7,7100
QMobile Explorer 3g,2700
Xiaomi Mi 3, NA
Xiaomi Mi 4s, NA
Xiaomi Redmi 3x, NA
Xiaomi Redmi 1S, NA
Xiaomi Redmi 2 Prime, NA
Xiaomi Redmi Note 2, NA
Xiaomi Redmi 2, NA
Xiaomi Mi 4I, NA
Xiaomi Redmi 3, NA
Xiaomi Redmi 3 Pro, NA
Xiaomi Redmi 4,19499
Xiaomi Redmi 3s, NA
Xiaomi Mi 4C, NA
Xiaomi Redmi 4A,14500
Xiaomi Mi Note, NA
Xiaomi Mi 4 LTE, NA
Xiaomi Redmi Note Prime, NA
Xiaomi Redmi 2 Pro, NA
Xiaomi Mi 2, NA
Xiaomi Mi 2S, NA
Xiaomi Mi 1S, NA
Xiaomi Redmi, NA
Xiaomi Mi 2A, NA
Xiaomi Redmi 2A, NA
Xiaomi Mi Note Pro, NA
Xiaomi Redmi Pro, NA
Xiaomi Redmi 3s Prime, NA
Xiaomi Mi5s Plus, NA
Xiaomi Redmi 4 Prime, NA
Xiaomi Redmi Note 3, NA
QMobile Noir M90,12100
QMobile Linq L15,8500
Qmobile Noir M300,10500
Qmobile Linq L10,13300
LG K8,10700
Huawei Ascend Y220,5500
Huawei Y635,11000
Huawei Honor 8,23499
Lenovo ZUK Z2 Pro,43000
Lenovo ZUK Z2,25200
Huawei G610,13799
Huawei Honor 3X G750,22999
Huawei Honor 3C â 4G, NA
Huawei G630,14999
Huawei Ascend Y530,12899
Huawei Y625,10120
LG G3,10999
LG G4 Stylus,19000
Huawei Ascend Y511 Price in Pakistan,11399
Samsung Galaxy S6 Duos,61949
Samsung Galaxy Note 5 Duos,60999
OnePlus 2,29999
Lenovo A2010,5599
Lenovo C2,10899
Lenovo A6010,9999
Lenovo A6000 Plus,12900
Lenovo A6000,12000
Lenovo Vibe C,8400
Lenovo Vibe S1,16400
Lenovo Vibe S1 Lite,18999
Lenovo Vibe P1,15300
Lenovo Vibe P1m,16800
Lenovo Vibe Z2,48999
Lenovo A5000,11000
Lenovo A1000,6000
Lenovo A7000 Plus,18500
Lenovo A7000,16900
Lenovo Vibe K5 Plus,14000
Lenovo Vibe K5,12500
Lenovo K3 Note,18990
Lenovo K4 Note,37800
Lenovo K5 Note,18000
Huawei Ascend Y330,8400
Huawei Ascend Y600,10999
Huawei Ascend Y221,6000
Samsung Galaxy A9 (2016),38999
Samsung Galaxy Grand Neo, NA
Samsung Galaxy Grand Prime,14999
Samsung Galaxy Grand 2, NA
Samsung Galaxy Grand, NA
Samsung Galaxy S6 Edge Plus, NA
Samsung Galaxy S5 Mini, NA
Samsung Galaxy S4 Zoom,20488
Samsung Galaxy S4 Mini, NA
Samsung Galaxy S4,31499
Samsung Galaxy S3 Neo,23999
Samsung Galaxy S3, NA
Samsung Galaxy S2, NA
Samsung Galaxy S1, NA
Samsung Galaxy J1 Ace,9999
Samsung Galaxy J1 (2016),14199
Samsung Galaxy J2 (2016), NA
Samsung Galaxy Alpha,34499
Samsung Galaxy Note Edge,47249
Samsung Galaxy J3 (2016),17399
Samsung Galaxy J7,22499
Samsung Galaxy Note 2, NA
Samsung Galaxy Note 3, NA
Samsung Galaxy Note 5,50999
Samsung Galaxy S5,36499
Samsung Galaxy A3 (2016),20999
Samsung Galaxy A5 (2016),28599
Samsung Galaxy A7 (2016),32599
Samsung Galaxy J5 (2016),22499
Samsung Galaxy Note 4,42990
Lenovo C2 Power,12000
Lenovo Vibe A,11899
Lenovo K6,14249
Lenovo P2,27999
Lenovo A6600,10200
Lenovo A6600 Plus,15000
Samsung Galaxy S6 Edge,46499
Samsung Galaxy S6,42999
Samsung Galaxy S7 Edge,53499
Sony Xperia Z3,28999
Apple iPhone 6,43999
Xiaomi Mi Note 2, NA
Samsung Galaxy Note 7,84999
Samsung Galaxy S7,55899