Brand,Device_Model,Device_Name,Hardware_Model
itel,L6002P,S15 Pro,itel L6002P
itel,L6006,A48,itel L6006
itel,L6005,Vision 1,itel L6005
itel,L6501,P36 Pro LTE,itel L6501
itel,L5002,A25,itel L5002
itel,W4003,A14 Max,itel W4003
itel,u2,,wt98736b32_ca1
itel,L6502,Vision 1 Pro,itel L6502
itel,L5006C,A23 Pro,itel L5006C
itel,W5001P,A33,itel W5001P
itel,A571L,A26,itel A571L
itel,L5002P,A25 Pro,itel L5002P
itel,W5002,A35,itel W5002
itel,W6004P,A56 Pro,itel W6004P
itel,W5505,A36,itel W5505
ZTE,T85,Tough Max 2 LTE,T85
ZTE,MO-01K,Mono,MO-01K
ZTE,Z978,Blade V8 Pro,Z978
ZTE,NX591J,Nubia Z17 Lite,NX591J
ZTE,B2016,Axon mini,ZTE B2016
ZTE,NX573J,Nubia M2 Lite,NX573J
ZTE,N9136,Prestige 2,N9136
ZTE,B2017G,Axon 7 Mini,ZTE B2017G
ZTE,Z559DL,Blade T2 Lite,Z559DL
ZTE,BLADE V0800,Blade V8,ZTE BLADE V0800
ZTE,K88,Trek 2 HD,K88
ZTE,Z793C,Atrium,Z793C
ZTE,Z828,Avid Plus,Z828
ZTE,Blade V1000,Blade V10,ZTE Blade V1000
ZTE,Z970,Olympia,Z970
ZTE,Z981,ZMax Pro,Z981
ZTE,A0620,BLADE A6,ZTE BLADE A0620
ZTE,NX659J,nubia Red Magic 5G,NX659J
ZTE,NX569J,Z17 Mini,NX569J
ZTE,Z957,Grand X 4,Z957
ZTE,A2017U,Axon 7,ZTE A2017U
ZTE,Z917VL,Zmax Champ,Z917VL
ZTE,Z6201V,Blade A7 Prime,Z6201V
ZTE,Z958,Zmax 2,Z958
ZTE,Z959,Grand X 3,Z959
ZTE,K81,Grand X view 2,K81
ZTE,Z988,Grand X Max 2,Z988
ZTE,MO-01J,MONO MO-01J,MO-01J
ZTE,Z839,Blade Vantage,Z839
ZTE,BLADE V0850,Blade V8 Mini,ZTE BLADE V0850
ZTE,T83,Dave,ZTE T83
ZTE,Z851M,Overture 3,Z851M
ZTE,Z982,Blade Z Max,Z982
ZTE,NX551J,nubia M2,NX551J
ZTE,2050,Blade V Smart,ZTE 2050
ZTE,Blade V0720,Blate V7 Lite,ZTE BLADE V0720
ZTE,BV0710,V7 Max,ZTE BV0710
ZTE,NX575J,Nubia N2,NX575J
Yota Devices,YD201,YotaPhone 2,YD201
Xiaomi,dandelion,Redmi 9A,dandelion
Xiaomi,2014817,Redmi 2,2014817
Xiaomi,M2101K7AG,Redmi Note 10,M2101K7AG
Xiaomi,Note 1LTE,Redmi Note 4G,HM NOTE 1LTE
Xiaomi,SHARK MBU-H0,Black Shark 3 Pro 5G,SHARK MBU-H0
Xiaomi,M2007J20CI,Poco X3,M2007J20CI
Xiaomi,M2006C3MNG,Redmi 9C,M2006C3MNG
Xiaomi,M2012K11AC,Redmi K40,M2012K11AC
Xiaomi,M2012K11AG,Poco F3,M2012K11AG
Xiaomi,M2006C3MII,Redmi 9,M2006C3MII
Xiaomi,SHARK KLE-H0,Black Shark 3,SHARK KLE-H0
Xiaomi,M2007J20CG,Poco X3 NFC,M2007J20CG
Xiaomi,SKW-H0,Black Shark 2,SKW-H0
Xiaomi,M2101K6I,Redmi Note 10 Pro,M2101K6I
Xiaomi,SKR-H0,Black Shark,SKR-H0
Xiaomi,M2002J9G,Mi 10 Lite 5G,M2002J9G
Xiaomi,DLT-H0,Black Shark 2 Pro,DLT-H0
Xiaomi,M2007J1SC,Mi 10 Ultra,M2007J1SC
Xiaomi,M2103K19G,Redmi Note 10 5G,M2103K19G
Xiaomi,M2010J19SI,Redmi 9 Power,M2010J19SI
Xiaomi,M2007J17G,Mi 10T Lite,M2007J17G
Xiaomi,Redmi Note 2,Redmi Note 2,Redmi Note 2
Xiaomi,HM 1SW,Redmi,HM 1SW
Xiaomi,M2007J3SP,Mi 10T Pro 5G,M2007J3SP
Xiaomi,M2102K1C,Mi 11 Ultra,M2102K1C
Xiaomi,M2101K9AG,Mi 11 Lite,M2101K9AG
Xiaomi,M2006C3LII,Redmi 9i,M2006C3LII
Xiaomi,MIX,Mi Mix,MIX
Xiaomi,M2003J15SC,Redmi Note 9,M2003J15SC
Xiaomi,2014011,Redmi 1S,2014011
Xiaomi,M2010J19SG,Redmi 9T,M2010J19SG
Xiaomi,Mi MIX 2,Mi Mix 2,Mi MIX 2
Xiaomi,M2102J20SG,Poco X3 Pro,M2102J20SG
Xiaomi,M2010J19CG,POCO M3,M2010J19CG
Xiaomi,Redmi 3,Redmi 3,Redmi 3
Xiaomi,M2007J3SY,Mi 10T 5G,M2007J3SY
Wiko,W-V830-EEA,View4,W-V830-EEA
Wiko,W-P311-CA,View3,W-P311-OPE
Wiko,W-K510-EEA,Y60,W-K510-TVM
Wiko,W-V800-OPE,View 3 Lite,W-V800-OPE
Wiko,C210AE,Life,C210AE
Wiko,W-K200,Sunny2 Plus,W-K200
Wiko,W_K400,Lenny 5,W_K400
Wiko,LENNY3,Lenny 3,LENNY3
Wiko,W P200,View Max,W_P200
Wiko,W-V800-OPE,View3 Lite,W-V800-OPE
Wiko,W_C860,View2 Pro,W_C860
Wiko,Fever,Fever 4G,FEVER
Wiko,W-K560-EEA,Y61,W-K560-TVM
Wiko,W-V720-OPE,Y80,W-V720-OPE
Vodafone,VFD 700,Smart ultra 7,VFD 700
Vodafone,VFD 510,Smart E8,VFD 510
Vodafone,VF-795,Smart Speed 6,VF-795
Vodafone,VFD 900,Smart Platinum 7,VFD 900
Vivo,1915,Y19,vivo 1915
Vivo,X20A,X20 Plus,vivo X20A
Vivo,V1818CA,Y93s,V1818CA
Vivo,1819,V15,vivo 1819
Vivo,V2031A,S7e 5G,V2031
Vivo,1806,V11 Pro,vivo 1806
Vivo,LE9920_P,V7,vivo 1718
Vivo,1907_19,S1,vivo 1907_19
Vivo,1901,Y15,vivo 1901
Vivo,Y360-U61,Y3,V1901A
Vivo,1935,Y50,vivo 1935
Vivo,Y85A,Y85,vivo Y85A
Vivo,1940,Y12,vivo 1940
Vivo,1610,Y55s,vivo 1610
Vivo,V1911A,Z5x,V1911A
Vivo,V2038,Y20s G,V2038
Vivo,V1731CA,Y73,V1731CA
Vivo,1919,V17,vivo 1919
Vivo,V1818T,U1,V1818T
Vivo,Y83A,Y83,vivo Y83A
Vivo,V1821A,NEX Dual Display,V1821A
Vivo,1816,Y91I,vivo 1816
Vivo,X710L,Xshot Ultimate,vivo X710L
Vivo,1723,V9,vivo 1723
Vivo,V2061A,iQOO U3,V2061
Vivo,V1924A,NEX 3 5G,V1924A
Vivo,1804,V11,vivo 1804
Vivo,V1732T,Y81,vivo 1808
Vivo,V2026_21,Y12s,V2026_21
Vivo,1609,V5 Lite,vivo 1609
Vivo,V2040,V20 2021,V2040
Vivo,1714,Y69,vivo 1714
Vivo,V1831A,S1 (China),V1831A
Vivo,V1813A,Y97,V1813A
Vivo,1611,V5 Plus,vivo 1611
Vivo,1818,V15 Pro,vivo 1818
Vivo,1851,V9 Pro,vivo 1851
Vivo,V2035,"Y51 (2020, December)",V2035
Vivo,V2037,Y20G,V2037
Vivo,V2029,Y20,V2029
Vivo,V2043_21,Y20 2021,V2043_21
Vivo,Vivo 2015,Y1s,vivo 2015
Vivo,V2046,X60 Pro,V2046
Vivo,1933,V19,vivo 1933
Vivo,V1832A,S1 Pro,vivo 1920
Vivo,V2024,iQOO 5 5G Premium Edition,V2024
Vivo,1801,Y71,vivo 1801
Vivo,1732A,Y81S,V1732A
Vivo,1807,Y95,vivo 1807
Vivo,1601,V5,vivo 1601
Vivo,X21A,X21,vivo X21A
Vivo,1938,Y30,vivo 1938
Vivo,1805,NEX (Ultra FullView Display),vivo 1805
Vivo,1613,Y25,vivo 1613
Vivo,1910,V17 Pro,vivo 1910
Vivo,1814,Y91,vivo 1814
Vivo,V2036,Y31,V2036
Vivo,1815,Y93,vivo 1815
Vivo,1820_19,Y91C,vivo 1823
Vivo,VS995,V20,VS995
Vivo,V1838A,X27,V1838A
Vivo,1902,Y17,vivo 1902
Vivo,1908,Y90,vivo 1908
Vivo,1906_20,Y11 (2019),vivo 1906_20
Vivo,1812,Y81i,vivo 1812
Vivo,V2046A,X60 5G,V2046
Vivo,V1921A,Z5,V1921A
Vivo,V2031,Y51A,V2031
Vivo,V1816A,X23,V1816A
Vivo,1713,V5s,vivo 1713
Vivo,1716,V7 Plus,vivo 1716
Vivo,V2022,V20 SE,V2022
Vivo,1727,V9 Youth,vivo 1727
Vivo,V1813BT,Z3,V1813BT
Vivo,2006,X50 Pro,vivo 2006
Verizon,QTAQZ3,Ellipsis 8,QTAQZ3
Verizon,QTAXIA1,Ellipsis 10 HD,QTAXIA1
Tecno,LC6a,Pouvoir 3 Air,TECNO LC6a
Tecno,CA7,Camon X,TECNO CA7
Tecno,KC1,Spark Go,TECNO KC1
Tecno,CB7j,Camon i4,TECNO CB7j
Tecno,CF7k,Camon 11,TECNO CF7k
Tecno,K9,SPARK Plus,TECNO K9
Tecno,LC8,Spark Power 2,TECNO LC8
Tecno,TECNO IN1,Camon i Ace,TECNO IN1
Tecno,KD6,Spark 5 Air,TECNO KD6
Tecno,AB7,Phantom 9,TECNO AB7
Tecno,TECNO-W5,W5,TECNO-W5
Tecno,KE5k,Spark 6 Go,TECNO KE5k
Tecno,KB8,Spark 3 Pro,TECNO KB8
Tecno,CC9,Camon 12 Pro,TECNO CC9
Tecno,LD7,Pova,TECNO LD7
Tecno,KC1j,Spark 4 Air,TECNO KC1j
Tecno,CD8J,Camon 15 Premier,TECNO CD8j
Tecno,KE7,Spark 6,TECNO KE7
Tecno,KD7h,Spark 5,TECNO KD7h
Tecno,CA6,Camon CM,TECNO CA6
Tecno,B1,POP2,TECNO B1
Tecno,CE9h,Camon 16,TECNO CE9h
Tecno,CX Air,Camon CX Air,TECNO CX Air
Tecno,CC7,Camon 12,TECNO CC7
Tecno,KE6j,Spark 6 Air,TECNO KE6j
Tecno,B2,POP 2F,TECNO B2
Tecno,BB4k,Spark 4 Lite,TECNO BB4k
Tecno,CE8,Camon 16 Pro,TECNO CE8
Tecno,CA8,Camon X Pro,TECNO CA8
Tecno,BC2c,Pop 4,TECNO BC2c
Tecno,BB2,POP 3,TECNO BB2
Tecno,IN1 Pro,Camon iSky 2,TECNO IN1 Pro
Tecno,IN3,Camon I Air,TECNO IN3
Tecno,CD7,Camon 15,TECNO CD7
Tecno,P701,DroiPad 7D,TECNO P701
Tecno,CD8,Camon 15 Pro,TECNO CD8
Tecno,KE5,Spark Go 2020,TECNO KE5
Tecno,IN5,Camon I,TECNO IN5
Tecno,KC8,Spark 4,TECNO KC8
Tecno,CE9,Camon 16 Premier,TECNO CE9
Tecno,BC3,Pop 4 Pro,TECNO BC3
Tecno,KB3,Tecno Camon i Sky 3,TECNO KB3
Tecno,KB2,Camon iAce2,TECNO KB2
Tecno,LA7,Pouvoir 2,TECNO LA7
Tecno,BA2,Pop 2 Plus,TECNO BA2
TG & Company,TG-L900S,Luna S,TG-L900S
TCL,T799H,10 pro,T799H
TCL,T766H EEA,10 SE,T766H_EEA
TCL,T770H,10L,T770H
TCL,T782H,10 Plus,T782H
T-Mobile,5049W,Revvl,5049W
T-Mobile,G2 Touch,HTC Sappire,Sapphire
SonyEricsson,C6616,Xperia Z,C6616
SonyEricsson,LT22i,Xperia P LT22i,LT22i
SonyEricsson,LT26w,Xperia Arc HD,LT26w
Sony,SO-02J,Xperia X Compact,SO-02J
Sony,Xperia D6633,Xperia Z3 Dual,D6633
Sony,G3313,Xperia L1,G3313
Sony,G8142,Xperia XZ Premium,G8142
Sony,C6903,Xperia Z1,C6903
Sony,J9110,Xperia 1,J9110
Sony,H4413,XA2 Plus,H4413
Sony,SOT21,Xperia Z2 Tablet,SOT21
Sony,D2406,Xperia M2 Aqua,D2406
Sony,LT29i,Hayabusa,LT29i
Sony,SOV36,XZ1,SOV36
Sony,XQ-AT51,Xperia 1 II,XQ-AT51
Sony,E6553,Xperia Z3+,E6553
Sony,SOV35,Xperia XZs,SOV35
Sony,D2203,Xperia E3,D2203
Sony,J8210,Xperia 5,J8210
Sony,D2302,Xperia M2 Dual,D2302
Sony,SOV33,Xperia X Performance,SOV33
Sony,SO-02H,Xperia Z5 Compact,SO-02H
Sony,SOV31,Xperia Z4/Z3+ Dual,SOV31
Sony,E5663,Xperia M5,E5663
Sony,SO-05F,DoCoMo tablet Xperia Z2 Tablet,SO-05F
Sony,D6503,Xperia Z2,D6503
Sony,SOV39,Xperia XZ3,SOV39
Sony,E6853,Xperia Z5 Premium,E6853
Sony,SOV37,Xperia XZ2,SOV37
Sony,F3313,Xperia E5,F3313
Sony,E6883,Xperia Z5 Premium Dual,E6883
Sony,F3115,Xperia XA,F3115
Sony,902SO,Xperia 8,902SO
Sony,H4113,Xperia XA2,H4113
Sony,C2105,Xperia L,C2105
Sony,C5503,Xperia ZR,C5503
Sony,SO-02F,Xperia Z1 f SO-02F for DoCoMo,SO-02F
Sony,G3412,Xperia XA1 Plus,G3412
Sony,SO-04E,Xperia feat. HATSUNE MIKU SO-04E for DoCoMo,SO-04E
Sony,D2303,Xperia M2,D2303
Sony,SO-01F,Xperia Z1 SO-01F for DoCoMo,SO-01F
Sony,I4312,Xperia L3,I4312
Sony,SO-02E,Xperia Z SO-02E for DoCoMo,SO-02E
Sony,S0-04G,Xperia A4,SO-04G
Sony,SOV38,Xperia XZ2 Premium,SOV38
Sony,C5303,Xperia SP,C5303
Sony,E2115,Xperia E4,E2115
Sony,E2333,Xperia M4 Aqua Dual,E2333
Sony,SOV36,Xperia XZ1,SOV36
Sony,I3213,Xperia 10 Plus,I3213
Sony,Xperia D6653,Xperia Z3,SOL26
Sony,G3223,Xperia XA1,G3223
Sony,C2005,Xperia M,C2005
Sony,F5122,Xperia X,F5122
Sony,I4113,Xperia 10,I4113
Sony,SO-52A,Xperia 5 II,SO-52A
Sony,C6833,Xperia Z Ultra,C6833
Sony,E6633,Xperia Z5 Dual,E6633
Sony,402SO,Xperia Z4,402SO
Sony,SO-04J,XZ Premium,SO-04J
Sony,SOV34,Xperia XZ,SOV34
Sony,SO-03H,Z5 Premium,SO-03H
Sony,SO-02G,Xperia Z3 Compact,SO-02G
Sony,F3216,Xperia XA Ultra,F3216
Sony,E5563,C5 Ultra Dual,E5563
Sony,H4311,Xperia L2,H4311
Sony,D5322,Xperia T2 Ultra,D5322
Sony,SOV38,XZ2 Premium,SOV38
Sony,SO-02K,Xperia XZ1 Compact,SO-02K
Sony,H4213,Xperia XA2 Ultra,H4213
Sony,SOT31,Xperia Z4 Tablet WiFi,SOT31
Sony,D2502,Xperia C3,D2502
Sony,SOL23,Xperia Z1 SOL23 for KDDI,SOL23
Sony,SOV32,Xperia Z5,SOV32
Sony,SO-03G,Xperia Z2 SO-03F for DoCoMo,SO-03G
Sony,E2306,Xperia M4 Aqua,E2306
Sony,D5503,Xperia Z1 Compact,D5503
Softbank,SBM206SH,Aquos Phone XX,SBM206SH
Softbank,305SH,Aquos,305SH
Softbank,404SH,AQUOS PHONE Xx,404SH
Softbank,SBM303SH,Aquos Phone XX Mini,SBM303SH
SoftBank,506SH,Aquos XX3,506SH
SoftBank,401SH,Aquos Hybrid,401SH
Sharp,SH-02H,Aquos Compact,SH-02H
Sharp,Aquos SH-02F,Aquos Phone EX,SH-02F
Sharp,SHL25,Aquos Serie,SHL25
Sharp,SH-05F,Disney Mobile on docomo SH-05F for DoCoMo,SH-05F
Sharp,SHV33,AQUOS SERIE mini,SHV33
Sharp,SHV38,Aquos Serie Mini (2017),SHV38
Sharp,SHT22,Aquos Pad,SHT22
Sharp,Aquos 503SH,Xx2 Mini,503SH
Sharp,SH-03K,AQUOS R2,SH-03K
Sharp,507SH,Aquos 507SH,507SH
Sharp,Aquos 502SH,Xx2,502SH
Sharp,304SH,Aquos Xx,304SH
Sharp,701SH,Aquos R Compact,701SH
Sharp,SH-04H,Aquos Zeta,SH-04H
Sharp,SH-O2G,Disney Mobile SH-02G,SH-02G
Sharp,SH-02E,AQUOS PHONE ZETA SH-02E for DoCoMo,SH-02E
Sharp,SH-06E,AQUOS PHONE ZETA SH-06E for DoCoMo,SH-06E
Sharp,SH-04E,AQUOS PHONE EX SH-04E for DoCoMo,SH-04E
Sharp,SHV42,Aquos R2,SHV42
Sharp,801SH,AQUOS Zero,801SH
Sharp,808SH,Aquos R3,808SH
Sharp,803SH,AQUOS R2 compact,803SH
Sharp,SHV39,AQUOS R,SHV39
Sharp,SHV40,Aquos Sense,SHV40
Sharp,FS8018,Aquos S3 mini,FS8018
Sharp,S7-SH,S7,S7-SH
Sharp,S3-SH,Android One S3,S3-SH
Sharp,808SH,AQUOS R3,808SH
Sharp,603SH,Aquos Xx3 Mini,603SH
Sharp,403SH,Aquos Crystal 2,403SH
Sharp,SHL22,AQUOS PHONE SERIE SHL22 for KDDI,SHL22
Sharp,FS8032,Aquos S3,FS8032
Sharp,DM-01J,Disney Mobile,DM-01J
Sharp,SHL24,AQUOS PHONE SERIE mini SHL24 for KDDI,SHL24
Sharp,SHV41,AQUOS R Compact,SHV41
Sharp,203SH,AQUOS PHONE Xx 203SH for Softbank,SBM203SH
Sharp,FS8001,Aquos M1,FS8001
Sharp,SHV37,Aquos U,SHV37
Sharp,SH-04G,Aquos Ever,SH-04G
Sharp,SHV43,AQUOS SENSE2,SHV43
Samsung,SM-A515W,Galaxy A51,SM-A515W
Samsung,SM-C900Y,Galaxy C9 Pro,SM-C900Y
Samsung,SM-A260G,Galaxy A2 Core,SM-A260G
Samsung,SM-G870A,Galaxy S5 Active,SM-G860P
Samsung,SM-T970,Galaxy Tab S7+,SM-T970
Samsung,GT-N8010,Galaxy Note 10.1,GT-N8010
Samsung,SC-02E,GALAXY Note II? SC-02E for DoCoMo,SC-02E
Samsung,SM-A605K,Galaxy A6+,SM-A605X
Samsung,SPH-L720,Galaxy S4,SPH-L720T
Samsung,SM-A6060,Galaxy A60,SM-A6060
Samsung,GT-I8552,Galaxy Grand Quattro,GT-I8552
Samsung,SM-G970X,Galaxy S10e,SM-G970X
Samsung,SM-N986W,Galaxy Note 20 Ultra 5G,SM-N986W
Samsung,SHV-E270S,Galaxy Grand,SHV-E270S
Samsung,SM-G890A,Galaxy S6 Active,SAMSUNG-SM-G890A
Samsung,SM-J111F,Galaxy J1 Ace,SM-J111F
Samsung,SM-T211M,Galaxy Tab 3,SM-T211
Samsung,SM-J336AZ,GALAXY SOL 3 (2018),SM-J336AZ
Samsung,SM-M017F,Galaxy M01s,SM-M017F
Samsung,SM-J701M,Gakaxy J7 Neo,SM-J701M
Samsung,SM-A730F,Galaxy A8+,SM-A730F
Samsung,SC-04E,GALAXY S4 SC-04E for DoCoMo,SC-04E
Samsung,SM-M317F,Galaxy M31s,SM-M317F
Samsung,SM-G398FN,Galaxy XCover 4s,SM-G398FN
Samsung,SM-J737T1,Galaxy J7 Star,SM-J737T1
Samsung,GT-I9152,Galaxy Mega 5.8,GT-I9152
Samsung,SM-M105G,Galaxy M10,SM-M105G
Samsung,SM-N750L,Note 3 Neo Duos,SM-N750L
Samsung,SM-A202F,Galaxy A20e,SM-A202F
Samsung,SM-J337AZ,Galaxy Amp Prime 3 2018,SM-J337AZ
Samsung,GT-i9505,Galaxy S4 LTE,GT-I9505
Samsung,SHV-E160L,Galaxy Note,SHV-E160L
Samsung,GT-P1000,Galaxy Tab,tablet
Samsung,SM-G800F,Galaxy S5 mini,SM-G800F
Samsung,SM-G985F,Galaxy S20+,SM-G985F
Samsung,SM-G781W,Galaxy S20 FE 5G,SM-G781W
Samsung,SM-S367VL,Galaxy J3 Top,SM-S367VL
Samsung,SHV-E330S,Galaxy S IV,SPH-L720
Samsung,GT-I9060I,Galaxy Grand Neo,GT-I9060L
Samsung,SM-A720S,Galaxy A7 (2017),SM-A720S
Samsung,SM-J730M,Galaxy J7 Pro,SM-J730K
Samsung,SM-G981W,Galaxy S20 5G,SM-G981W
Samsung,SM-A908N,Galaxy A90 5G,SM-A908N
Samsung,SM-J210F,Galaxy J2 (2016),SM-J210F
Samsung,SC-01F,GALAXY Note III SC-01F for DoCoMo,SC-01F
Samsung,SC-02L,Galaxy Feel 2,SC-02L
Samsung,SM-G6100,Galaxy On7,SM-G6100
Samsung,SM-A710M,Galaxy A7 Duos,SM-A710M
Samsung,SM-G610Y,Galaxy J7 Prime,SM-G610f
Samsung,SM-N981U1,Galaxy Note20 5G,SM-N981U1
Samsung,SM-F916U1,Galaxy Z Fold2 5G,SM-F916U1
Samsung,SM-G730A,Galaxy S III Mini,SAMSUNG-SM-G730A
Samsung,SM-A715F,Galaxy A71,SM-A715F
Samsung,SM-J500N0,Galaxy J5,SM-J500N0
Samsung,SM-G977T,Galaxy S10 5G,SM-G977T
Samsung,SC-04J,Galaxy Feel,SC-04J
Samsung,SM-T587P,Galaxy Tab A 10.1,SM-T587P
Samsung,SM-C701F,Galaxy C7 Pro Duos,SM-C701F
Samsung,SM-N930F,Galaxy Note 7,SM-N930F
Samsung,SM-G955W,Galaxy S8+,SM-G955W
Samsung,SM-A600T,Galaxy A6,SM-A600T
Samsung,SM-T237P,Galaxy Tab 4 7.0,SM-T237P
Samsung,GT-I9105P,Galaxy SII Plus,GT-I9105P
Samsung,SM-T337V,Galaxy Tab 4 8.0,SM-T337V
Samsung,SM-J701M,Gakaxy J7 neo,SM-J701M
Samsung,SM-J737V,Galaxy J7 V,SM-J737V
Samsung,SCL23,GALAXY S5 SCL23 for KDDI,SCL23
Samsung,SM-G920W8,Galaxy S6,SM-G920W8
Samsung,SM-J260T1,Galaxy J2 Core,SM-J260T1
Samsung,SM-G357FZ,Ace Style,SM-G357FZ
Samsung,SM-T719,Galaxy Tab S2 8.0,SM-T719
Samsung,GT-I8262,Galaxy Duos,GT-I8262
Samsung,SM-T505N,Galaxy Tab A7 10.4 (2020),SM-T505N
Samsung,SM-T357T,Galaxy Tab A,SM-T357T
Samsung,SM-T320,Galaxy Tab Pro 8.4,SM-T320
Samsung,SM-G750F,Galaxy Mega 2,SM-G750F
Samsung,SM-A015T1,Galaxy A01,SM-A015T1
Samsung,SM-N971N,Galaxy Note10 5G,SM-N971N
Samsung,GT-I8200N,S III mini,GT-I8200N
Samsung,SM-M305M,Galaxy M30,SM-M305M
Samsung,SM-G7105,Galaxy Grand 2 LTE,SM-G7105
Samsung,SM-G715FN,Galaxy Xcover Pro,SM-G715FN
Samsung,GT-S7572,Galaxy Trend II Duos,GT-S7572
Samsung,SM-SCV31,Galaxy S6 Edge,SM-G925W8
Samsung,SM-J600L,Galaxy J6,SM-J600N
Samsung,SM-G720N0,Galaxy Grand Max,SM-G720N0
Samsung,SM-A920F,Galaxy A9,SM-A920X
Samsung,GT-P5113,Galaxy Tab 2 10.1 WiFi,GT-P5113
Samsung,SM-P901,Galaxy Note Pro,SM-P901
Samsung,SM-G318HZ,Galaxy Ace 4 Neo,SM-G318HZ
Samsung,SM-G720AX,Galaxy Grand 3 LTE,SM-G720AX
Samsung,SM-J710MN,Galaxy J7 (2016),SM-J710MN
Samsung,SM-G901F,Galaxy S5,SM-G901F
Samsung,SM-N750S,Galaxy Note 3 Neo,SM-N750S
Samsung,SC-02F,GALAXY J SC-02F for DoCoMo,SC-02F
Samsung,SM-J105Y,Galaxy J1 Mini,SM-J105Y
Samsung,SM-A215U,Galaxy A21,SM-A215U
Samsung,SM-G532G,Galaxy Grand Prime+,SM-G532G
Samsung,SM-T555,Galaxy Tab A 9.7,SM-T555
Samsung,SM-T535,Galaxy Tab 4 10.1,SM-T535
Samsung,SM-G390W,Galaxy XCover4,SM-G390W
Samsung,SM-J737R4,Galaxy J7 Aura,SM-J737R4
Samsung,SM-G388F,Galaxy Xcover 3,SM-G388F
Samsung,SM-G7200,Galaxy Grand 3,SM-G7200
Samsung,SM-A510Y,Galaxy A5 2016 Duos,SM-A510Y
Samsung,SM-G986W,Galaxy S20+ 5G,SM-G986W
Samsung,SM-T875,Galaxy Tab S7,SM-T875
Samsung,SM-J321AZ,Galaxy Sol,SAMSUNG-SM-J321AZ
Samsung,SM-G988U,Galaxy S20 Ultra,SM-G988U
Samsung,SM-A707F,Galaxy A70s,SM-A707F
Samsung,SM-J337VPP,Galaxy J3 V 3rd Gen,SM-J337VPP
Samsung,SM-G531H,Galaxy Grand Prime,SM-G531H
Samsung,SM-N980F,Galaxy Note20,SM-N980F
Samsung,SM-M315F,Galaxy M31,SM-M315F
Samsung,SM-G600S,Galaxy Wide 4G LTE,SM-G600S
Samsung,SM-A022G,Galaxy A02,SM-A022G
Samsung,SM-G980F,Galaxy S20,SM-G980F
Samsung,SM-N9208,Galaxy Note 5 Duos,SM-N9208
Samsung,SM-G800H,Galaxy S5 Mini,SM-G800H
Samsung,SM-A426B,Galaxy A42 5G,SM-A426B
Samsung,SM-M022G,Galaxy M02,SM-M022G
Samsung,SM-T830,Galaxy Tab S4,SM-T830
Samsung,SM-T2105,Galaxy Tab 3 Kids,SM-T2105
Samsung,SM-A310N0,Galaxy A3,SM-A310N0
Samsung,SM-S820L,Galaxy Core Prime,SM-S820L
Samsung,SM-G532M,Galaxy J2 Prime,SM-G532M
Samsung,SM-M115F,Galaxy M11,SM-M115F
Samsung,SM-N770F,Galaxy Note10 Lite,SM-N770X
Samsung,SM-T561,Galaxy Tab E,SM-T561
Samsung,SM-T38VK,Galaxy Tab A 8.0 (2018),SM-T387W
Samsung,SM-G906S,Galaxy S5 LTE-A,SM-G906S
Samsung,SM-G900MD,Galaxy S5 Duos,SM-G900MD
Samsung,SGH-T399N,Galaxy Light,SGH-T399N
Samsung,SM-A500Y,Galaxy A5,SM-A500Y
Samsung,SM-A800S,Galaxy A8,SM-A800S
Samsung,SM-G930W8,Galaxy S7,SM-G930W8
Samsung,SM-G386W,Galaxy Core LTE,SM-G386W
Samsung,SM-A716U,Galaxy A71 5G,SM-A716U
Samsung,SC-04F,GALAXY S5 SC-04F for DoCoMo,SC-04F
Samsung,GT-S7392,Galaxy Trend,GT-S7392
Samsung,SM-G965W,Galaxy S9+,SM-G965W
Samsung,SM-A750N,Galaxy A7 (2018),SM-A750X
Samsung,SM-N920W8,Galaxy Note 5,SM-N920W8
Samsung,SM-G850Y,Galaxy Alpha,SM-G850Y
Samsung,SM-A207M,Galaxy A20s,SM-A207M
Samsung,SM-E500M,Galaxy E5,SM-E500M
Samsung,SHV-E310S,Galaxy Mega 6.3,SHV-E310S
Samsung,SM-J337AZ,Galaxy Amp Prime 3,SM-J337AZ
Samsung,SM-J337U,Galaxy J3 2018 (unlocked),SM-J337U
Samsung,SM-N900W8,Galaxy Note 3,SM-N900W8
Samsung,SM-A3051,Galaxy A40s,SM-A3051
Samsung,SM-G885Y,Galaxy A8 Star,SM-G885Y
Samsung,SM-T315,Galaxy Tab 3 8.0,SM-T315
Samsung,SGH-I317,Galaxy Note II 4G LTE,SAMSUNG-SGH-I317
Samsung,SM-A700YD,Galaxy A7,SM-A700YD
Samsung,SM-G611M,Galaxy J7 Prime 2,SM-G611M
Samsung,SM-N900P,Galaxy Note3,SM-N900P
Samsung,SM-M015G,Galaxy M01,SM-M015G
Samsung,SM-T825,Galaxy Tab S3 9.7,SM-T825
Samsung,GT-S6312,Galaxy Young,GT-S6312
Samsung,J701M,Galaxy J7 Nxt,SM-J701M
Samsung,SM-A125U,Galaxy A12,SM-A125U
Samsung,SM-G611S,Galaxy On7 Prime,SM-G611S
Samsung,SM-A217N,Galaxy A21s,SM-A217N
Samsung,SM-T561,Galaxy Tab E 9.6,SM-T561
Samsung,GT-N7105T,Galaxy Note 2,GT-N7105T
Samsung,SM-M215F,Galaxy M21,SM-M215F
Samsung,SM-T217T,Galaxy Tab 3 7.0,SM-T217T
Samsung,SM-T819,Galaxy Tab S2 9.7,SM-T819
Samsung,SHV-E170K,Galaxy R,SHV-E170K
Samsung,SM-G3131F,Galaxy Ace 4 LTE,SM-G313F
Samsung,SM-J337T,Galaxy J3 Star,SM-J337T
Samsung,SM-M107F,Galaxy M10s,SM-M107F
Samsung,SM-J510UN,Galaxy J5 (2016),SM-J510UN
Samsung,SM-C7010,Galaxy C7,SM-C7010
Samsung,SM-G928W8,Galaxy S6 Edge Plus,SM-G928W8
Samsung,SM-A520W,Galaxy A5 (2017),SM-A520W
Samsung,SM-G988W,Galaxy S20 Ultra 5G,SM-G988W
Samsung,SM-T295N,Galaxy Tab A 8.0 LTE (2019),SM-T295N
Samsung,SM-N915F,Galaxy Note 4 Edge,SM-N915F
Samsung,SM-A810S,Galaxy A8 (2016),SM-A810S
Samsung,SM-T378V,Galaxy Tab E 8.0,SM-T378V
Samsung,GT-S7275Y,Galaxy Ace 3,GT-S7275Y
Samsung,SM-S737TL,Galaxy J7 (2017),SM-S737TL
Samsung,SM-A307GN,Galaxy A30s,SM-A307GN
Samsung,SM-A115U1,Galaxy A11,SM-A115U1
Samsung,SM-G5528,Galaxy On5 Neo,SM-G5528
Samsung,SHV-E250S,Galaxy Note II,SHV-E250S
Samsung,SM-N975W,Galaxy Note10+,SM-N975W
Samsung,SM-A725F,Galaxy A72,SM-A725F
Samsung,SM-A530W,Galaxy A8 2018,SM-A530W
Samsung,SM-G991U1,Galaxy S21 5G,SM-G991U1
Samsung,GT-P3113,Galaxy Tab 2 7.0,GT-P3113
Samsung,SM-A415F,Galaxy A41,SM-A415F
Samsung,SM-A526B,Galaxy A52 5G,SM-A526B
Samsung,GT-I9507,Galaxy S4 TDD LTE,GT-I9507
Samsung,SM-G389F,Galaxy Xcover 3 Value Edition,SM-G389F
Samsung,SM-N976V,Galaxy Note10+ 5G,SM-N976V
Samsung,SM-G996B,Galaxy S21+ 5G,SM-G996B
Samsung,SM-J610G,Galaxy J6+,SM-J610G
Samsung,SHW-M585D,Galaxy Core,SHW-M585D
Samsung,SM-T725,Galaxy Tab S5e,SM-T725
Samsung,SCL22,GALAXY Note III SCL22 for KDDI,SCL22
Samsung,SM-A315N,Galaxy A31,SM-A315N
Samsung,SM-G550T2,Galaxy On5,SM-G550T2
Samsung,SM-J410F,Galaxy J4 Core,SM-J410F
Samsung,SM-T113NU,Galaxy Tab 3 Lite,SM-T113NU
Samsung,SM-S102DL,Galaxy A10e,SM-S102DL
Samsung,SM-G386T1,Galaxy Avant,SM-G386T1
Samsung,SM-J5108,Galaxy J5 2016,SM-J5108
Samsung,SM-J737V,Galaxy J7 (2018),SM-J737V
Samsung,SM-A013G,Galaxy A01 Core,SM-A013G
Samsung,SC-01G,GALAXY Note Edge SC-01G for DoCoMo,SC-01G
Samsung,SM-J810Y,Galaxy J8,SM-J810Y
Samsung,SHW-M440S,Galaxy S III,SHW-M440S
Samsung,SM-S337TL,Galaxy J3 2017,SM-S337TL
Samsung,SM-G8850,Galaxy A9 Star,SM-G8850
Samsung,SM-A500H,Galaxy A5 Duos,SM-A500H
Samsung,SCL24,GALAXY Note Edge SCL24 for KDDI,SCL24
Samsung,SM-A805N,Galaxy A80,SM-A805N
Samsung,SHV-E470S,Galaxy S4 Active,SHV-E470S
Samsung,GT-P5220,Galaxy Tab 3 10.1 3G,GT-P5220
Samsung,SM-S205DL,Galaxy A20,SM-S205DL
Samsung,SM-J400M,Galaxy J4,SM-J400M
Samsung,SM-A507FN,Galaxy A50,SM-A507FN
Samsung,SM-G615FU,Galaxy J7 Max,SM-G615FU
Samsung,SM-G780F,Galaxy S20 FE,SM-G780F
Samsung,SM-G891A,Galaxy S7 Active,SAMSUNG-SM-G891A
Samsung,SM-T700,Galaxy Tab S 8.4,SM-T700
Samsung,M405F,Galaxy M40,SM-M405F
Samsung,SM-G935W8,Galaxy S7 Edge,SM-G935W8
Samsung,SM-T280,Galaxy Tab A 2016 7.0,SM-T280
Samsung,SM-J320F,Galaxy J3,SM-J320F
Samsung,SM-G998U1,Galaxy S21 Ultra 5G,SM-G998U1
Samsung,SPH-P500,Galaxy Tab 2 10.1,SPH-P500
Samsung,SM-M013F,Galaxy M01 Core,SM-M013F
Samsung,SM-G960W,Galaxy S9,SM-G960W
Samsung,SM-J600N,Galaxy On6,SM-J600N
Samsung,SM-A305YN,Galaxy A30,SM-A305YN
Samsung,SM-A405FN,Galaxy A40,SM-A405FN
Samsung,SM-M625F,Galaxy M62,SM-M625F
Samsung,SM-J106H,Galaxy J1 Mini Prime,SM-J106H
Samsung,SM-T290,Galaxy Tab A 8.0 (2019),SM-T290
Samsung,SM-G6200,Galaxy A6s,SM-G6200
Samsung,GT-S7580L,Trend Plus,GT-S7580L
Samsung,SM-J530YM,Galaxy J5 2017,SM-J530YM
Samsung,SM-C5000,Galaxy C5,SM-C5000
Samsung,SM-M205G,Galaxy M20,SM-M205G
Samsung,SM-T116NU,Galaxy Tab 3V 3G,SM-T116NU
Samsung,SM-G355HN,Galaxy Core II,SM-G355HN
Samsung,SM-N9100,Galaxy Note 4 Duos,SM-N9100
Samsung,SM-F700U,Galaxy Z Flip,SM-F700U
Samsung,SM-C115L,Galaxy K Zoom,SM-C115L
Samsung,SM-G1650,Galaxy Folder2,SM-G1650
Samsung,SGH-T999,Galaxy S III T999,SGH-T999
Samsung,SM-A107M,Galaxy A10s,SM-A107M
Samsung,SM-N985F,Galaxy Note20 Ultra,SM-N985F
Samsung,SM-G903W,Galaxy S5 Neo,SM-G903W
Samsung,SM-S767VL,Galaxy J7 Top,SM-S767VL
Samsung,SM-T387V,Galaxy Tab A 8.0 2017,SM-T387V
Samsung,SM-T387V,Galaxy Tab A 8.0 2018,SM-T387V
Samsung,SM-T597V,Galaxy Tab A 10.5,SM-T597V
Samsung,SM-T307U,Galaxy Tab A 8.4,SM-T307U
Samsung,SM-J737S,Galaxy Wide 3,SM-J737S
Samsung,SC-01H,Galaxy Active Neo,SC-01H
Samsung,SM-G975W,Galaxy S10+,SM-G975W
Samsung,SM-N915V,Galaxy Note Edge,SM-N915V
Samsung,GT-I9100M,Galaxy S II,GT-I9100M
Samsung,GT-S7582L,Galaxy S Duos 2,GT-S7582L
Samsung,SGH-I257M,Galaxy S4 Mini,SHV-E370K
Samsung,SM-N900S,Galaxy Note 3 LTE-A,SM-N900S
Samsung,SM-G5108Q,Galaxy Core Max,SM-G5108Q
Samsung,SM-T860,Galaxy Tab S6,SM-T860
Samsung,SM-S260DL,J2 Core+,SM-S260DL
Samsung,GT-I8160,Galaxy Ace 2,GT-I8160
Samsung,G800Y,S5 Mini LTE-A,SM-G800Y
Samsung,SM-J330G,Galaxy J3 Pro,SM-J330G
Samsung,SM-G5700,On5 2016,SM-G5700
Samsung,SM-J250M,Galaxy J2 Pro (2018),SM-J250M
Samsung,SM-J120ZN,Galaxy J1 2016,SM-J120ZN
Samsung,SM-J320ZN,Galaxy J3 Duos,SM-J320ZN
Samsung,GT-I9118,Galaxy Grand Duos,GT-I9118
Samsung,SGH-i467M,Note 8.0,SGH-I467M
Samsung,SM-A507FN,Galaxy A50s,SM-A507FN
Samsung,SM-T255S,Galaxy W,SM-T255S
Samsung,SM-T335,Galaxy Tab 4 8.0 LTE,SM-T335
Samsung,SGH-I467,Galaxy Note 8.0,SAMSUNG-SGH-I467
Samsung,SM-G313HZ,Galaxy Ace NXT,SM-G313HZ
Samsung,SM-T525,Galaxy Tab Pro 10.1,SM-T525
Samsung,SM-G531H,Galaxy Grand Prime Value Edition,SM-G531H
Samsung,SM-J200Y,Galaxy J2 (2015),SM-J200Y
Samsung,SM-J415N,Galaxy J4+,SM-J415N
Samsung,GT-S7262,Galaxy Star S7262,GT-S7262
Samsung,SM-A605K,Galaxy Jean,SM-A605K
Samsung,SM-A202K,Galaxy Jean2,SM-A202K
Samsung,GT-I9301Q,Galaxy S III Neo+,GT-I9301Q
Samsung,SM-N950W,Galaxy Note8,SM-N950W
Samsung,SM-G710s,Galaxy Grand 2,SM-G710S
Samsung,SM-A320Y,Galaxy A3 2017,SM-A320Y
Samsung,SM-J110H,Galaxy J1,SM-J110M
Samsung,SM-G973W,Galaxy S10,SM-G973W
Samsung,SM-N935F,Galaxy Note Fan Edition,SM-N935F
Samsung,SM-A920N,Galaxy A9 2018,SM-A920X
Samsung,SM-A325F,Galaxy A32,SM-A325F
Samsung,SM-T517P,Galaxy Tab A 10.1 (2019),SM-T517P
Samsung,SM-J337P,Galaxy J3 Achieve,SM-J337P
Samsung,SHV-E500S,Galaxy Win LTE,SHV-E500S
Samsung,SM-G3815,Galaxy Express 2,SM-G3815
Samsung,SM-C105L,Galaxy S4 Zoom,SM-C105L
Samsung,SM-G950W,Galaxy S8,SM-G950W
Samsung,SM-A525F,Galaxy A52 4G,SM-A525F
Samsung,SM-F907N,Galaxy Fold,SM-F907N
Samsung,SM-G887F,Galaxy A8s,SM-G887F
Samsung,SM-T805S,Galaxy Tab S 10.5,T805S
Samsung,SM-G770F,Galaxy S10 Lite,SM-G770F
Samsung,SM-G892U,Galaxy S8 Active,SM-G892U
Samsung,SGH-I537,S 4 Active,SAMSUNG-SGH-I537
Samsung,SM-G350E,Star 2 Plus,SM-G350E
Samsung,SM-J700T1,Galaxy J7 2015,SM-J700T1
Samsung,SM-T285,Galaxy Tab A 7.0 LTE,SM-T285
Samsung,SM-E700H,Galaxy E7,SM-E700H
Samsung,SM-G887N,Galaxy A9 Pro,SM-G887N
Samsung,SM-P615,Galaxy Tab S6 Lite,SM-P615
Samsung,SM-T239,Galaxy Tab 4 Lite 7.0,SM-T239
Samsung,GT-i9158V,Galaxy Mega Plus 4G,GT-I9158V
Samsung,SM-M025F,Galaxy M02s,SM-M025F
Samsung,SM-A705YN,Galaxy A70,SM-A705YN
Samsung,SM-G570Y,Galaxy J5 Prime,SM-G570Y
Samsung,SM-N960X,Galaxy Note9,SM-N960X
Samsung,SM-N916S,Galaxy Note 4,SM-N916k
Samsung,SM-N935S,Galaxy Note FE,SM-N935S
Samsung,SM-N970W,Galaxy Note10,SM-N970W
Samsung,SM-A710Y,Galaxy A7 (2016),SM-A710Y
Samsung,SM-M307FN,Galaxy M30s,SM-M307FN
Samsung,SM-C710F,Galaxy C8,SM-C710F
Samsung,SM-A326B,Galaxy A32 5G,SM-A326B
Samsung,GT-I9070,Galaxy S Advance,GT-I9070
Samsung,SM-G9300,Galaxy S7 Duos,SM-G9300
Samsung,SM-C5018,Galaxy C5 Pro,SM-C5018
Samsung,SM-A025F,Galaxy A02s,SM-A025F
Samsung,SM-M515F,Galaxy M51,SM-M515F
Samsung,SM-T365,Galaxy Tab Active LTE-A,SM-T365
Samsung,SM-A105M,Galaxy A10,SM-A105M
Samsung,SM-G316HU,Galaxy S Duos 3,SM-G316HU
Samsung,SM-J530YM,Galaxy J5 Pro,SM-J530YM
Samsung,SM-N986W,Galaxy Note20 Ultra 5G,SM-N986W
Samsung,SM-J720F,Galaxy J7 Duo,SM-J720F
Samsung,SM-T395,Galaxy Tab Active 2,SM-T395
Samsung,SM-A516N,Galaxy A51 5G,SM-A516N
Samsung,GT-N7102,Galaxy Note II Duos,GT-N7102
Samsung,SGH-T989,Galaxy SII,SGH-T989
Samsung,SM-J337A,Galaxy J3 2018,SM-J337A
Realme,RMX1945,C2,RMX1945
Realme,RMX2063,6 Pro,RMX2063
Realme,TA-1052,8,TA-1052
Realme,RMX1827,3i,RMX1827
Realme,RMX1971,5 Pro,RMX1971
Realme,RMX2155,7,RMX2155
Realme,RMX3201,C21,RMX3201
Realme,RMX1851,3 Pro,RMX1851
Realme,RMX1925,5s,RMX1925
Realme,RMX2086,X3,RMX2086
Realme,RMX2170,7 Pro,RMX2170
Realme,TA-1053,5,TA-1053
Realme,RMX3081,8 Pro,RMX3081
Realme,RMX1931,X2 Pro,RMX1931
Realme,RMX2185,C11,RMX2185
Realme,RMX3171,Narzo 30A,RMX3171
Realme,TA-1041,2,TA-1041
Realme,CPH1859,1,CPH1859
Realme,RMX2040,6i,RMX2040
Realme,TA-1032,3,TA-1032
Realme,RMX2195,C15,RMX2195
Realme,RMX2020,C3,RMX2020
Realme,TA-1039,6,TA-1039
Realme,RMX2103,7i,RMX2103
Realme,RMX2101,C17,RMX2101
Realme,RMX3191,C25,RMX3191
Realme,RMX2189,C12,RMX2189
Realme,RMX1811,C1,RMX1811
Realme,RMX1921,XT,RMX1921
Realme,RMX2030,5i,RMX2030
Quanta,QTAIR7,Ellipsis 10,QTAIR7
QiKU,1503-A01,360 N4,1503-A01
QMobile,M88,Nitro Pro M88,QMobile M88
QMobile,T50,Bolt,QMobile T50
QMobile,i6i,Noir i6i,QMobile i6i
QMobile,X700i,Noir Titan,QMobile X700i
QMobile,i5,Noir 3G,QMobile i5
QMobile,i6i 2020,SMART,i6i 2020
QMobile,X70,Linq X70,QMobile X70
QMobile,Z10,Noir,QMobile_LT600_PRO
QMobile,LT200,QSmart,LT200
QMobile,LT900,Q Smart,LT900
QMobile,L15,Linq L15,QMobile L15
QMobile,L20,LinQ L20,QMobile L20
Posh Mobile,L530,Optima LTE,L530
Posh Mobile,L540,Volt LTE,L540
Posh Mobile,X700,Equal Plus,X700
Posh Mobile,E550,Titan HD,E550
Philips,S307,Xenium S307,Philips_S307
Phicomm,E5051,ENERGY 4S,E5051
Pantech,ADR930L,Perception,ADR930L
Pantech,IM-A860S,Vega No. 6,IM-A860S
Pantech,IM-A870L,Vega Iron,IM-A870L
Pantech,IM-A910s,Vega Iron 2,IM-A910S
Pantech,IM-A850S,Vega R3,IM-A850S
Pantech,IM-A880S,Vega LTE-A,IM-A880S
Pantech,IM-A890S,Vega Secret Note,IM-A890S
Pantech,IM-A900L,Vega Secret Up,IM-A900L
Pantech,IM-A920s,Pop Up Note,IM-A920S
POCO,M2103K19PG,M3 Pro 5G,M2103K19PG
OnePlus,BE2029,Nord N10 5G,BE2029
OnePlus,A3010,3T,ONEPLUS A3010
OnePlus,BE2013,Nord N100,BE2013
OnePlus,E1003,X,ONE E1003
OnePlus,A6013,6T,ONEPLUS A6013
OnePlus,GM1925,7 Pro 5G,GM1925
OnePlus,LE2110,9,LE2110
OnePlus,A5010,5T,ONEPLUS A5010
OnePlus,One 801e,One,HTC_PN071
OnePlus,HD1925,7T Pro 5G McLaren,HD1925
OnePlus,HD1913,7T Pro,HD1913
OnePlus,AC2003,Nord,AC2003
OnePlus,KB2005,8T,KB2005
OnePlus,HD1907,7T,HD1907
Obi,S551,Obi Hornbill,Obi_S551
Obi,SF1,Worldphone SF1,SF1
OPPO,PAFM00,Find X,PAFM00
OPPO,PBET00,R17,PBET00
OPPO,CPH1969,F11 Pro,CPH1969
OPPO,CPH1951,Reno2 Z,CPH1951
OPPO,CPH1607,R9s,CPH1607
OPPO,A002OP,Reno3 A,A002OP
OPPO,CPH2025,Finx X2 Pro,CPH2025
OPPO,CPH1707,R11,CPH1707
OPPO,PACT00,R15,PACT00
OPPO,A33w,Neo 7,A33w
OPPO,CPH2119,F17 Pro,CPH2119
OPPO,CPH2179,A15s,CPH2179
OPPO,CPH2109,Reno4 Pro,Reno4 Pro
OPPO,CPH1715,A77,CPH1715
OPPO,CPH1921,Reno 5G,CPH1921
OPPO,CPH2013,Reno 3A,CPH2013
OPPO,CPH2073,A31,CPH2073
OPPO,CPH1941,A9 (2020),CPH1941
OPPO,CPH2185,A15,CPH2185
OPPO,CPH1893,R17 Neo,CPH1893
OPPO,CPH1725,F5 Youth,CPH1725
OPPO,CPH1605,A39,CPH1605
OPPO,CPH1719,R11s Dual Sim,CPH1719
OPPO,X9079,R9 Plus,X9079
OPPO,X9006,Find 7a,X9007
OPPO,CPH1989,Reno2 F,CPH1989
OPPO,CPH1611,R9s Plus,CPH1611
OPPO,N5207,N3,N5207
OPPO,CPH1717,A71,CPH1717
OPPO,N5116,N1 Mini,N5116
OPPO,CPH1979,Reno Z,CPH1979
OPPO,PADT00,A3,PADT00
OPPO,6607,U3,6607
OPPO,A11w,Joy 3,A11w
OPPO,CPH2161,A73 5G,CPH2161
OPPO,PBFT00,A7,PBFT00
OPPO,R1S R8007,R1S,R8007
OPPO,PCHM10,A11,PCHM10
OPPO,PBBM30,A5,PBBM30
OPPO,CPH1609,F3,CPH1609
OPPO,CPH2043,Reno3,CPH2043
OPPO,A77t,A77T,OPPO A77t
OPPO,CPH1821,F7,CPH1821
OPPO,CPH1727,F5,OPPO F5
OPPO,CPH2069,A52,CPH2069
OPPO,PBDM00,R17 Pro,PBDM00
OPPO,PCHM30,A9,PCHM30
OPPO,1206,Neo 5s,1206
OPPO,CPH2059,A92,CPH2059
OPPO,CPH2113,Reno4,CPH2113
OPPO,CPH1907,Reno2,CPH1907
OPPO,CPH2127,A53,CPH2127
OPPO,CPH2219,A74,CPH2219
OPPO,CPH1919,Reno 10x Zoom,CPH1919
OPPO,CPH2065,Reno4 Z 5G,CPH2065
OPPO,CPH2159,Reno5 4G,CPH2159
OPPO,CPH2239,A54,CPH2239
OPPO,PDSM00,Reno5 Pro 5G,PDSM00
OPPO,CPH2035,Reno3 Pro,CPH2035
OPPO,CPH1823,F9 Pro,CPH1823
OPPO,CPH2083,A12,CPH2083
OPPO,PBCT10,R15x,PBCT10
OPPO,CPH2089,Reno4 Pro 5G,CPH2089
OPPO,A1601,F1s,OPPO F1s
OPPO,R7kf,R7 Lite,R7kf
OPPO,CPH1801,A71 (2018),CPH1801
OPPO,CPH1881,F9,CPH1881
OPPO,X9009,F1 Plus,X9009
OPPO,R831K,Neo 3,R831K
OPPO,CPH1853,A3s,CPH1853
OPPO,CPH1911,F11,CPH1911
OPPO,CPH2285,F19 Pro,CPH2285
OPPO,CPH1831,R15 Pro,CPH1831
OPPO,R8200,R1x,R8200
OPPO,PCLM10,Reno Ace,PCLM10
OPPO,PCGM00,K3,PCGM00
OPPO,PCNM00,K5,PCNM00
OPPO,R8207,R1C,R8207
OPPO,R1011,Joy Plus,R1011
OPPO,R2001,YoYo,R2001
OPPO,CPH2173,Find X3 Pro,CPH2173
OPPO,CPH2021,A91,CPH2021
OPPO,CPH2067,A72,CPH2067
OPPO,R7sm,R7s,OPPO R7sm
OPPO,PCAT00,Reno,PCAT00
OPPO,CPH2001,F15,CPH2001
OPPO,PBCM30,K1,PBCM30
OPPO,R7Plusf,R7 Plus,R7plusf
OPPO,CPH1729,A83,OPPO A83t
OPPO,CPH1923,A1K,CPH1923
OPPO,R9tm,R9,OPPO R9tm
OPPO,PBBM00,A7x,PBBM00
OPPO,L18081,A5s,Lenovo L18081
OPPO,CPH2219,F19,CPH2219
OPPO,CPH2121,A93,CPH2121
OPPO,CPH1851,R15 Neo,CPH1851
Nuu,VS980,G2,VS980 4G
Nokia,TA-1054,6.1,TA-1054
Nokia,X2DS,X2 Dual Sim,NokiaX2DS
Nextbook,NXA116QC164,Ares 11,NXA116QC164
Nextbook,NX16A11264,Ares11A,NX16A11264
NEC,N-03E,Disney mobile on docomo N-03E for DoCoMo,N-03E
NEC,N-04E,MEDIAS X N-04E for DoCoMo,N-04E
Motorola,XT907,DROID RAZR M 4G LTE,XT907
Motorola,XT1687,G5 Plus,XT1687
Motorola,moto e5 supra,Moto e5 plus,moto e5 supra
Motorola,XT1097,Moto X (2nd Gen),XT1097
Motorola,XT1225,Moto Turbo,XT1225
Motorola,XT890,RAZR i,XT890
Motorola,XT1663,Moto M,XT1663
Motorola,XT907,Droid RAZR M,XT907
Motorola,XT1250,Moto Maxx,XT1250
Motorola,XT894,Droid 4,DROID4
Motorola,XT1565,Droid Maxx 2,XT1565
Motorola,XT1789-05,Moto Z2 Force,XT1789-05
Motorola,XT1254,Droid Turbo,XT1254
Motorola,XT1700,Moto E3,XT1700
Motorola,XT1935-02,Moto Z Play,XT1635-02
Motorola,XT1080,Droid Ultra,XT1080
Motorola,XT1650,Moto Z Droid,XT1650
Motorola,moto g(6),Moto G6,moto g(6) (XT1925DL)
Motorola,XT1609,Moto G4 Play,moto g‚Å∂ play
Motorola,XT1580,Moto X Force,XT1580
Motorola,MOTXT912B,Droid Razr 4G,DROID RAZR
Motorola,XT1040,Moto G,XT1040
Motorola,XT923,Droid Razr HD,DROID RAZR HD
Motorola,XT1706,Moto E3 Power,XT1706
Motorola,XT1096,Moto X,XT1096
Motorola,XT1710-02,Moto Z2 Play,XT1710-02
Motorola,XT1528,Moto E (2nd Gen),XT1528
Motorola,XT1008,Moto G Forte (Falcon),XT1008
Motorola,XT1575,Moto X Style/Pure,XT1575
Motorola,Moto E,Razr D1,moto e
Motorola,XT1799-2,Moto G5S,XT1799-2
Motorola,Moto G (4),Moto G4,Moto G (4)
Motorola,XT1564,Moto X Play,XT1564
Motorola,XT2005DL,Moto E6,moto e6 (XT2005DL)
Motorola,XT1039,Moto G 4G,XT1039
Motorola,XT830C,Moto E,moto e
Motorola,XT1030,Droid Mini,XT1030
Motorola,XT1585,Droid Turbo 2,XT1585
Motorola,XT1068,Moto G (2nd Gen),XT1068
Motorola,XT1920DL,moto e5,moto e5 (XT1920DL)
Motorola,XT1045,Moto G LTE,XT1045
Micromax,E485,Canvas 6,Micromax E485
Micromax,Q413,Canvas Express 4G,Micromax Q413
Micromax,A106,Unite 2,Micromax A106
Micromax,Q463,Canvas 5 Lite Special Edition,Micromax Q463
Micromax,HS2,Canvas Infinity,Micromax HS2
Meizu,PRO 7-H,Pro 7,PRO 7-S
Meizu,m3 note,m3 note,m3 note
Meizu,M571C,M2 Note,m2 note
Lenovo,K53b36,Vibe K6 Plus,Lenovo K53b36
Lenovo,A7600-H,A10-70 A7600,Lenovo A7600-H
Lenovo,TB-8504X,Tab4 8,Lenovo TB-8504X
Lenovo,L38083,K11,Lenovo L38083
Lenovo,A806,Golden Warrior,Lenovo A806
Lenovo,L38012,K5 Note (2018),Lenovo L38012
Lenovo,TB3-850F,Tab3 8,Lenovo TB3-850F
Lenovo,A7010a48,Vibe K4 Note,Lenovo A7010a48
Lenovo,YT3-850M,Yoga Tablet 3 8.0,Lenovo YT3-850M
Lenovo,ZUK 2151,ZUK Edge,ZUK Z2151
Lenovo,B6000-HV,Yoga B6000-HV,Lenovo B6000-HV
Lenovo,TB-8304F1,TAB E8,Lenovo TB-8304F1
Lenovo,A2010-a,A2010,Lenovo A2010-a
Lenovo,P2a42,P2,Lenovo P2a42
Lenovo,X660C,S5 Pro,Lenovo L58041
Lenovo,A7-20F,Tab 2,Tab2A7-20F
Lenovo,TB-7304I,TAB 7 Essential,Lenovo TB-7304I
Lenovo,TB - 8704N,TAB4 Plus,Lenovo TB-8704N
Lenovo,L38041,K5 Pro,Lenovo L38041
Lenovo,L19041,A6 Note,Lenovo L19041
Lenovo,K53a48,K6 Note,Lenovo K53a48
Lenovo,TB-X606F,Tab M10 FHD Plus,Lenovo TB-X606F
Lenovo,PB2-650Y,Phab 2,Lenovo PB2-650Y
Lenovo,TB-8505X,Tab M8 (2nd Gen),Lenovo TB-8505X
Lenovo,K50a40,K3 Note,Lenovo K50a40
Lenovo,L38043,K9,Lenovo L38043
Lenovo,TB-8705X,SmartTab M8,Lenovo TB-8705X
Lenovo,TB2-X30L,TAB 2 A10-30,Lenovo TB2-X30L
Lenovo,TB-X505X,M10,Lenovo TB-X505X
Lenovo,P1c58,Vibe P1,Lenovo P1c58
Lenovo,PB1-770M,Phab Plus,Lenovo PB1-770M
Lenovo,A7020a48,Vibe K5 Note,Lenovo A7020a48
Lenovo,X652B,S5,Lenovo K520
Lenovo,A3500-HV,Tab A7-50,Lenovo A3500-HV
Lenovo,S90-A,Sisley,Lenovo S90-A
Lenovo,PB2-670M,Phab 2 Plus,Lenovo PB2-670M
Lenovo,L28111,Z6 Lite,Lenovo L38111
Lenovo,ZUK Z2132,Z2 Plus,Z2 Plus
Lenovo,TB-7305X,Tab M7,Lenovo TB-7305X
Lenovo,S1a40,Vibe S1,Lenovo S1a40
Lenovo,PB1-750M,PHAB,Lenovo PB1-750M
Lenovo,K33a42,Vibe K6 Power,Lenovo K33a42
Lenovo,S1La40,Vibe S1 Lite,Lenovo S1La40
Lenovo,P1ma40,Vibe P1m,Lenovo P1ma40
Lenovo,YT3-X50M,Yoga Tab 3,Lenovo YT3-X50M
Lenovo,A3000-H,IdeaTab A3000-F,Lenovo A3000-H
Lenovo,X3c50,Vibe X3,Lenovo X3c50
Lenovo,TB3-710I,Tab3 7,Lenovo TB3-710I
Lenovo,A6600a40,A6600 Plus,Lenovo A6600a40
Lenovo,ZUK Z2131,Z2,ZUK Z2131
Lenovo,TB-7504X,Tab 7 4G,Lenovo TB-7504X
Lenovo,A1010a20,A Plus,Lenovo A1010a20
Lenovo,A850+,LePhone,Lenovo A850+
Lenovo,S8-50F,Tab S8,Lenovo TAB S8-50F
Lenovo,A6020137,Vibe K5,Lenovo A6020l37
Lenovo,A2020a40,Vibe C,Lenovo A2020a40
Lenovo,A6600d40,A6600,Lenovo A6600d40
Lenovo,PB-6505M,Tab V7,Lenovo PB-6505M
Lenovo,TB-X104F,Tab E10,Lenovo TB-X104F
Lenovo,TB-8703X,Tab3 8 Plus,Lenovo TB-8703X
Lenovo,K10a40,Vibe C2,Lenovo K10a40
Lenovo,L39051,K10 Plus,Lenovo L39051
Lenovo,A6020a46,Vibe K5 Plus,Lenovo A6020a46
Lenovo,L10041,A8,Lenovo L10041
Lenovo,Z90a40,Vibe Shot,Lenovo Z90a40
Lenovo,A7-30HC,TAB 2,Lenovo TAB 2 A7-30HC
Lenovo,TB-8704X,Tab 4 8 Plus,TB-8704V
Lenovo,A10-70L,TAB 2 A10,Lenovo TAB 2 A10-70L
Lenovo,TB-X304F,Tab4 10,Lenovo TB-X304F
Lenovo,X2-EU,Vibe X2,Lenovo X2-EU
Lenovo,Z2,Vibe Z2,Lenovo Z2
Lenovo,TB-X605F,Tab M10,Lenovo TB-X605M
Lenovo,TB-7104I,Tab E7,Lenovo TB-7104I
Lenovo,A2016a40 B,B,Lenovo A2016a40
Lenovo,L38011,K5 Play,Lenovo L38011
Lenovo,TB-X704L,Tab4 10 Plus,Lenovo TB-X704Y
Lenovo,B8000-F,Yoga B8000-H,Lenovo B8000-F
LeTV,Le X620,Le 2,Le X620
LeTV,X608,Le 1,X608S
LeTV,X500,Le 1S,Letv X500
LeEco,Le X820,Le 2 Pro,Le X820
LeEco,Le X821,Le Max 2,Max2
LeEco,LEX626,Le S3,LEX626
Lava,LH9930,Iris 54,LAVA LH9930
Lava,LF9810_2GB,Z62,LAVA LF9810_2GB
Lava,LH9920,V+ 6,LH9920
Lava,360m,Iris 360m,iris360
Lava,LE9820,R5,LAVA LE9820
Lava,LH9910,Z52 Pro,LH9910
Lava,LE9910,V8,LE9910
Lava,LN9910,Iris 61,LN9910
Lava,LH9950,Iris 46,LAVA LH9950
Lava,LN9810,R3 Note,LAVA LN9810
Lanix,LT500,Ilium LT500,LT500
LG,VS9987,G5,VS987
LG,LM-Q510N,Q51,LM-Q510N
LG,H778n,AKA,LG-H788n
LG,US998,V30+,LGV35
LG,LG-E988,Optimus G Pro,LG-F240S
LG,LM-X430,K40S,LM-X430
LG,F460K,G3 LTE-A,LG-F460K
LG,LM-X210CMR,Risio 3,LM-X210CMR
LG,F310LR,Gx,LG-F310LR
LG,F200S,Optimus Vu II,LG-F220K
LG,V521,G Pad X 8.0,LG-V521
LG,LM-Q725L,Q7 Plus,LM-Q725L
LG,M430,Stylo 3,LG-M430
LG,V480,G Pad 8.0,LG-V480
LG,V530,G Pad X2 8.0 Plus,LG-V530
LG,VS,V10,VS990
LG,LM-X415S,X4+,LM-X415S
LG,L-01L,STYLE 2 2019,L-01L
LG,TP260,K20 Plus,LG-TP260
LG,L163BL,Fiesta,LGL163BL
LG,H740,G Vista 2,LG-H740
LG,LM-G820V,G8 ThinQ,LM-G820
LG,LG-M150,Phoenix 3,LG-M150
LG,LM-K410,K41S,LM-K410
LG,V33,Qua Phone PX,LGV33
LG,VK410,G Pad 7.0 LTE-A,LGUK410
LG,LML413DL,Premier Pro,LML413DL
LG,LGLS676,Tribute HD,LGLS676
LG,F720S,Stylus 2,LG-F720S
LG,LGL24,isai FL LGL24 for KDDI,LGL24
LG,F430L,Gx2,LG-F430L
LG,F460S,G3 Cat 6,LG-F460S
LG,M327,X Charge,LG-US601
LG,LG-M160,K4 (2017),LG-M160
LG,H440n,Spirit 4G LTE,LG-H440n
LG,F570S,Band Play,LG-F570S
LG,LM-V405,V40 ThinQ,LM-V405
LG,K550,Stylo 2 Plus,LG-K550
LG,LGM-K121L,K10 2017,LGM-K121L
LG,LG-F540L,Volt,LG-F540L
LG,D320,Optimus L70,LG-D320
LG,MS210,Aristo,LGMS210
LG,D722,G3 Mini,LG-D722
LG,F560K,Stylo,LG-F560K
LG,LM-Q720,Stylo 5,LM-Q720
LG,LM-X510S,X5,LM-X510S
LG,K500,X Screen,LG-K500
LG,LM-X420N,K12 Plus,LM-X420N
LG,LM-X525,Q60,LM-X525
LG,D315,F70 LTE,LG-D315
LG,LM-X210,Aristo 2,LM-X210
LG,L322DL,Journey LTE,LGL322DL
LG,L-01F,Optimus G L-01E for DoCoMo,L-01F
LG,LM-G810,G8S ThinQ,LM-G810
LG,LM-X210APM,Phoenix 4,LM-X210APM
LG,LG-K600,X mach,LG-K600
LG,LGM-K120S,X300,LGM-K120S
LG,H502,Magna,LG-H502
LG,LM-X510L,X5 2018,LM-X510L
LG,LML212VL,Rebel 4,LML212VL
LG,VS501,K20 V,VS501
LG,LS996,G Flex 2,LGLS996
LG,LM-V350,V35 ThinQ,LM-V350
LG,L-03K,Style,L-03K
LG,LM-Q710.FG,Q7,LM-Q710.FG
LG,F100L,Optimus Vu,LG-F100L
LG,K420,K10 LTE,LG-K420
LG,VS986,G4 Metallic Gray Silver,VS986
LG,F260S,Optimus LTE III,LG-F260S
LG,V34,isai Beat,LGV34
LG,LM-X520,K50,LM-X520
LG,VS980 4G,Optimus G2 4G,VS980 4G
LG,L-05E,Optimus it L-05E for DoCoMo,L-05E
LG,VS988,G6,VS988
LG,F160LV,Optimus LTE2,LG-F160S
LG,VS985,G3,VS985 4G
LG,VS996,V30,VS996
LG,LGM-K121S,X400,LGM-K121S
LG,LM-X625N,X6,LM-X625N
LG,MS330,K7,LGMS330
LG,LG-F180S,Optimus G,LG-F180S
LG,F350S,G Pro 2,LG-F350S
LG,K410,K10,LG-K430
LG,D631,G Pro2 Lite,LG-D631
LG,Q710AL,Stylo 4,LG-Q710AL
LG,LG-H845,G5 SE,LG-H845
LG,M153,Fortune,LG-M153
LG,H540,G4 Stylus,LG-H540
LG,LM-K500,K51,LM-K500
LG,H635,LG Stylus,LG-H635
LG,F470K,G3 Beat,LG-F470K
LG,LM-K420,K42,LM-K420
LG,LM-G910,Velvet,LM-G910
LG,X230,K7 2017,LG-X230
LG,D690,G3 Stylus,LG-D690
LG,V32,Vivid,LGV32
LG,LM-X510MW,X500,LM-X510WM
LG,K130,K4,LG-K121
LG,LG-F770S,X Series X5 4G LTE,LG-F770S
LG,X410PM,K30,LM-X410PM
LG,X800L,Q8,LGM-X800L
LG,K371,Phoenix 2,LG-K371
LG,LG-US701,X Venture,LG-US701
LG,LM-G710VM,G7 ThinQ,LM-G710VM
LG,LG-F690S,X Cam 4G LTE,LG-F690S
LG,V495,G Pad F 8.0,LG-V495
LG,F820L,U,LG-F820L
LG,LM-X220PM,Aristo 3,LM-X220PM
LG,LGLS775,Stylo 2,LGLS775
LG,LK460,G Pad F2 8.0,LG-LK460
LG,LS991,G4,LGLS991
LG,MS550,Stylus 2 Plus,LGMS550
LG,LM-K300,K31,LM-K300
LG,US700,Q6,LGM-X600S
LG,LM-V500N,V50 ThinQ 5G,LM-V500N
LG,TP450,Stylo 3 Plus,LGMP450
LG,DM-01G,Disney,DM-01G
LG,L-01J,V20 Pro,L-01J
LG,LG-F650L,X Screen 4G LTE,LG-F650L
LG,V533,G Pad IV 8.0 FHD LTE,LG-V533
LG,UK495,G Pad F,LG-UK495
LG,E975,Optimus G LG-Gee,LG-Optimus
LG,LG-LS995,G Flex,LG-LS995
LG,VK815,G Pad X8.3,VK815
LG,F300L,Vu III,LG-F300L
LG,VS835,Stylo 2 V,VS835
LG,X240,K8,VS500
LG,LM-Q730,Stylo 6,LM-Q730
LG,M400,Stylus 3,LG-M400
LG,V410,G Pad 7.0,LG-V410
LG,F370L,F70,LG-F370L
LG,LM-Q925S,Q9,LM-Q925S
LG,VS500,K8V,VS500
LG,LM-X120,K20,LM-X120
LG,VK810,G Pad 8.3,VK810 4G
LG,LM-X410S,X4,LM-X410S
LG,LG-M320,X Power 2,LG-M320
LG,LGM-V300K,V30 ThinQ,LGM-V300K
LG,LGUS610,X Power,LGUS610
LG,LGM-V300L,V30s Thinq,LGM-V300L
LG,MS631,G Stylo,LGMS631
LG,LM211BL,V36,LML211BL
Kyocera,KYV44,Qua phone QZ,KYV44
Kyocera,503KC,Digno E,503KC
Kyocera,KYV35,Torque G02,KYV35
Kyocera,KYV43,Basio 3,KYV43
Kyocera,KYL22,Digno M,KYL22
Kyocera,E6820,DuraForce Pro LTE,E6810
Kyocera,KYT32,Qua Tab QZ8,KYT32
Kyocera,KYY24,Torque G01,KYY24
Kyocera,KYV40,Rafre,KYV40
Kyocera,C6730,Hydro Icon,C6730
Kyocera,KYV38,URBANO V 03,KYV38
Kyocera,KYV36,DIGNO rafre,KYV36
Kyocera,E6782,Brigadier,E6782
Kyocera,KYT31,Qua Tab,KYT31
Kyocera,KYT33,Qua tab QZ10,KYT33
Kyocera,602KC,Digno G,602KC
Kyocera,KYY21,URBANO L01 KYY21 for KDDI,KYY21
Kyocera,KYY23,L03,KYY23
Kyocera,302KC,DIGNO T,302KC
Kyocera,KYV41,Torque g03,KYV41
Kyocera,404kc,Digno C,404KC
KDDI,SOL21,Xperia VL,SOL21
KDDI,KYV37,WiMAX 2+,KYV37
KDDI,KYV34,Kyocera Urbano V02,KYV34
KDDI,KYV42_u,QX WiMAX 2+,KYV42_u
Jexaa,710,Jex Tab 710,710
Infinix,X688C,Hot 10 Play,Infinix X688C
Infinix,X624,Hot 7,Infinix X624
Infinix,X600 LTE,Note 2,Infinix-X600-LTE
Infinix,X559,HOT5,Infinix X559
Infinix,X554,HOT 3,Infinix HOT 3
Infinix,X682C,Hot 10,Infinix X682C
Infinix,X557,Infinix HOT 4,Infinix HOT 4
Infinix,X627V,Smart 3 Plus,Infinix X627V
Infinix,X683,Note 8i,Infinix X683
Infinix,X521,Hot S,Infinix_X521
Infinix,X600,Note 2 X600,Infinix-X600
Infinix,X625C,Hot 7 Pro,Infinix X625C
Infinix,X603,Zero 5,Infinix X603
Infinix,X559C,HOT5 Lite,Infinix X559C
Infinix,X571,NOTE 4 Pro,Infinix X571
Infinix,X687B,Zero 8i,Infinix X687B
Infinix,X692,Note 8,Infinix X692
Infinix,X655C,Hot 9,Infinix X655C
Infinix,X572,NOTE 4,Infinix X572
Infinix,X605,Note 5 Stylus,Infinix X605
Infinix,X656,Note 7 Lite,Infinix X656
Infinix,X680B,Hot 9 Play,Infinix X680B
Infinix,X623,Hot 6X,Infinix X623
Infinix,X680D,Smart 4 Plus,Infinix X680F
Infinix,X650D,Hot 8,Infinix X650D
Infinix,X622,Hot S3X,Infinix X622
Infinix,X612B,Smart HD 2021,Infinix X612B
Infinix,X609,Smart 2 HD,Infinix X609B
Infinix,X5516C,Smart 3,Infinix X5516C
Infinix,X657C,Smart 5,Infinix X657C
Infinix,X620B,Zero 6,Infinix X620B
Infinix,X604,Note 5,Infinix X604
Infinix,X5515I,Smart 2,Smart 2
Infinix,X687,Zero 8,Infinix X687B
Infinix,X695,Note 10 Pro,Infinix X695
Infinix,x551,Hot Note,Infinix-X551
Infinix,X653C,Smart 4,Smart 4
Infinix,X510,Hot 2,Infinix X510
Infinix,X557 Lite,HOT 4 Lite,Infinix HOT 4 Lite
Infinix,X537,Note 3 Pro,Infinix NOTE 3 Pro
Infinix,X626B LTE,Infinix S4,Infinix X626B LTE
Infinix,X690B,Note 7,Infinix X690B
Infinix,X552,Zero 3,Infinix-X552
Infinix,X689C,Hot 10T,Infinix X689B
Huawei,HW-01K,P20 Pro,HW-01K
Huawei,LND-TL40,Honor 7C,LND-TL40
Huawei,AMN-LX9,Y5 2019,AMN-LX9
Huawei,VNS-L62,Be Y,HUAWEI VNS-L62
Huawei,HWI-AL00,Nova 2s,HWI-AL00
Huawei,X1,Mediapad X1,MediaPad X1 7.0
Huawei,DLI-L22,Honor 6A,DLI-L22
Huawei,BND-L34,Mate SE,BND-L34
Huawei,NMO-L31,Honor 5C 2GB RAM,NEM-UL10
Huawei,NXT-L29,Mate 8,HUAWEI NXT-L29
Huawei,SEA-AL10,Nova 5,SEA-AL10
Huawei,YAL-L21,Honor 20,YAL-L21
Huawei,G735-L03,G Play,G735-L03
Huawei,PRA-LX2,Nova Lite,PRA-LX2
Huawei,BTV-W09,MediaPad M3,BTV-W09
Huawei,STK-LX1,P Smart Z,STK-LX1
Huawei,LDN-LX3,Y7 2018,LDN-LX3
Huawei,KSA-LX9,Honor 8S,KSA-LX9
Huawei,NEM-L22,Honor 5C Dual SIM TD-LTE,NEM-L22
Huawei,MediaPad 10 Link +,MediaPad 10 Link +,MediaPad 10 Link+
Huawei,LLD-L31,Honor 9 Lite,LLD-L31
Huawei,YAL-L41,Honor 20 Pro,YAL-L41
Huawei,Y300-0100,Ascend Y 300,HUAWEI Y300-0100
Huawei,BLL-L23,Mate 9 Lite,BLL-L23
Huawei,DRA-LX5,Y5 Lite 2018,DRA-LX5
Huawei,DRA-L21,Y5 (2018),DRA-L21
Huawei,AQM-LX1,P Smart S,AQM-LX1
Huawei,OXF-AN00,Honor V30,OXF-AN00
Huawei,PAR-LX9,Nova 3,PAR-LX9
Huawei,CMR-AL19,MediaPad M5 Pro,CMR-AL19
Huawei,TRT-L21A,Y7 Prime,TRT-L21A
Huawei,ELE-L29,P30,ELE-L29
Huawei,PAR-LX9,nova 3,PAR-LX9
Huawei,DUB-LX3,Y7 Prime 2019,DUB-LX3
Huawei,JKM-Al00b,Huawei Y9 2019,JKM-AL00b
Huawei,LYO-L02,Y6 Elite,HUAWEI LYO-L02
Huawei,hi6210sft,Honor 4X,hi6210sft
Huawei,STF-L09S,Honor 9,STF-L09S
Huawei,G620S-UL00,Ascend G620S,G620S-UL00
Huawei,LLD-AL20,Honor 9i,LLD-AL20
Huawei,ALE-UL00,P8 Lite,HUAWEI ALE-L04
Huawei,SLA-L22,P8 Lite (2017),SLA-L22
Huawei,YAL-L21,Honor 20 Global Dual SIM,YAL-L21
Huawei,DUK-L09,Honor 8 Pro,DUK-L09
Huawei,LYO-L01,Y6II Compact,HUAWEI LYO-L01
Huawei,G730-U251,Ascend G730,HUAWEI G730-U251
Huawei,Y530-U00,Ascend Y530,HUAWEI Y530-U00
Huawei,302HW,Stream S,302HW
Huawei,VNS-L52,P9 Lite Premium,HUAWEI VNS-L52
Huawei,G7-L11,Ascend G760-L01,HUAWEI G7-L11
Huawei,T1-A21L,Mediapad 10 Link,T1-A21L
Huawei,PRA-AL00X,Honor 8 Lite,PRA-AL00X
Huawei,BAC-L23,Nova 2 Plus Dual SIM TD-LTE,BAC-L23
Huawei,LDN-LX2,Nova 2 Lite,LDN-LX2
Huawei,BAC-L22,Nova 2 Plus,BAC-L22
Huawei,EVR-L29,Mate 20 X,EVR-L29
Huawei,BG2-W09,Mediapad T3,BG2-W09
Huawei,GEM-702L,MediaPad X2,GEM-702L
Huawei,Y520-U33,Ascend Y520,HUAWEI Y520-U33
Huawei,P8max,P8 Max,HUAWEI P8max
Huawei,TIT-L01,Honor 4C Pro,TIT-L01
Huawei,SLA-L23,P9 Lite mini,SLA-L23
Huawei,S7-301w,MediaPad 10 Link,MediaPad 10 LINK
Huawei,VCE-L22,nova 4,VCE-L22
Huawei,MYA-L11,Nova Young 4G LTE,MYA-L11
Huawei,T1-A23L,MediaPad T1,T1-A23L
Huawei,HW-03E,Ascend D2 HW-03E for DoCoMo,HW-03E
Huawei,LUA-U22,Y3II,HUAWEI LUA-U22
Huawei,VNS-L53,P9 Lite,HUAWEI VNS-L53
Huawei,VOG-TL00,P30 Pro Premium Edition,VOG-TL00
Huawei,RIO-UL00,G7 Plus,HUAWEI RIO-UL00
Huawei,LON-L29,Mate 9 Porsche Design,LON-L29
Huawei,LIO-N29,Mate 30 Pro 5G,LIO-N29
Huawei,MT2-L02,Ascend Mate 2,HUAWEI MT2-L02
Huawei,JAT-L41,Honor 8A Pro,JAT-L41
Huawei,CAG-L22,Y3 (2018),CAG-L22
Huawei,TAH-AN00m,Mate Xs 5G,TAH-AN00m
Huawei,DRA-LX9,Y5P,DRA-LX9
Huawei,DLI-TL20,Honor 6A Dual SIM,DLI-TL20
Huawei,MYA-L13,Y5 Pro,MYA-L13
Huawei,CUN-U29,Y5II,HUAWEI CUN-U29
Huawei,PLK-UL00,Honor 7,PLK-UL00
Huawei,POT-LX1A,P Smart 2020,POT-LX1A
Huawei,T1,Mediapad T1 8.0 Pro 4G,MediaPad T1 8.0 Pro
Huawei,DIG-L01,Nova Smart,DIG-L01
Huawei,CAM-L32,Y6 II,HUAWEI CAM-L21
Huawei,DIG-L21HN,Honor 6C Dual SIM LTE,DIG-L21HN
Huawei,NOH-NX9,Mate 40 Pro,NOH-NX9
Huawei,302HW,Ascend P6 S - L04,302HW
Huawei,G6-U10,Ascend G6,HUAWEI G6-U10
Huawei,SC-UL10,Ascend GX1,HUAWEI SC-UL10
Huawei,G620-A2,SnapTo,HUAWEI G620-A2
Huawei,NEM-AL10,Honor 5C 3GB RAM,NEM-AL10
Huawei,Y336-U02,Y3C,HUAWEI Y336-U02
Huawei,BLN-L24,Honor 6X,BLN-L24
Huawei,DIG-L23,P9 Lite Smart,DIG-L23
Huawei,TAG-L32,GR3,HUAWEI TAG-L32
Huawei,LYO-L21,Honor 5A,LYO-L21
Huawei,INE-LX2r,nova 3i,INE-LX2r
Huawei,ALP-L29,Mate 10,ALP-L29
Huawei,PPA-LX2,P smart 2021,PPA-LX2
Huawei,ANE-AL00,nova 3e,ANE-AL00
Huawei,CRR-UL00,Mate S Dual,HUAWEI CRR-UL00
Huawei,ARE-L22HN,Honor 8X Max,ARE-L22HN
Huawei,MLA-AL10,Maimang 5,HUAWEI MLA-AL10
Huawei,Y550-L02,Ascend Y550-L02,HUAWEI Y550-L02
Huawei,CMR-W09,MediaPad M5 10.8,CMR-W09
Huawei,H1611,Ascend XT,H1611
Huawei,BG2-U01,MediaPad T3 7.0,BG2-U01
Huawei,AGS-W09,Mediapad T5,AGS2-W09
Huawei,CMR-W09,MediaPad M5 (WIFI),CMR-W09
Huawei,d-01J,Compact,d-01J
Huawei,VNS-L23,P9 Lite Dual SIM LTE,HUAWEI VNS-L23
Huawei,DUK-AL20,Honor V9,DUK-AL20
Huawei,JDN2-L09,MediaPad M5 Lite 8.0,JDN2-L09
Huawei,RVL-AL09,Honor Note 10,RVL-AL09
Huawei,POT-LX1AF,P Smart,POT-LX1AF
Huawei,FLA-TL10,Y9,FLA-TL10
Huawei,PE-TL10,Honor 6 Plus,PE-TL10
Huawei,SNE-LX2,Mate 20 lite,SNE-LX2
Huawei,BGO-DL09,MediaPad T2 7.0,BGO-DL09
Huawei,DRA-LX2,Y5 Prime 2018,DRA-LX2
Huawei,BLA-L29,Mate 10 Pro,BLA-L29
Huawei,KNT-UL10,Honor V8,KNT-UL10
Huawei,AGS-W09,MediaPad T3 10,AGS-W09
Huawei,Y511-U30,Ascend,HUAWEI Y511-U30
Huawei,ELS-NX9,P40 Pro,ELS-NX9
Huawei,TRT-LX1,Nova Lite Plus,TRT-LX1
Huawei,HW-H60-J1,Honor 6,HW-H60-J1
Huawei,CUN-AL00,Honor 5 Play,CUN-AL00
Huawei,TRT-LX3,Y7 2017,TRT-LX3
Huawei,ATU-LX3,Y6 (2018),ATU-LX3
Huawei,NCE-AL10,Enjoy 6,NCE-AL10
Huawei,P6-U06,Ascend P6,HUAWEI P6-U06
Huawei,VCE-L22,Nova 4,VCE-L22
Huawei,BKK-LX2,Honor 8C,BKK-LX2
Huawei,ATU-L42,Y6 PRIME 2018,ATU-L42
Huawei,LDN-TL10,Y7 Prime 2018,LDN-TL10
Huawei,BKL-L09,Honor V10,BKL-L09
Huawei,NEO-L29,Mate RS Porsche Design,NEO-L29
Huawei,EVR-N29,Mate 20 X (5G),EVR-N29
Huawei,ATH-CL00,Honor 7i,ATH-CL00
Huawei,CPN-L09,MediaPad M3 Lite 8.0,CPN-L09
Huawei,CAZ-AL10,Nova,HUAWEI CAZ-AL10
Huawei,POT-LX3,P Smart 2019,POT-LX3
Huawei,BAH2-W19,MediaPad M5 Lite 10,BAH2-W19
Huawei,WAS-TL10,P10 Lite,WAS-TL10
Huawei,DUB-LX2,Y7 Pro,DUB-LX2
Huawei,MRD-LX1N,Y6 2019,MRD-LX1N
Huawei,LLD-AL20,Honor 9I,LLD-AL20
Huawei,JNY-LX1,nova 7i,JNY-LX1
Huawei,G700-U10,Ascend G700,HUAWEI G700-U10
Huawei,EML-L29,P20,EML-L29
Huawei,NEM-L51,Honor 5c 2GB RAM,NEM-L51
Huawei,LIO-L29,Mate 30 Pro,LIO-L29
Huawei,D2-0082,Ascend D2,HUAWEI D2-0082
Huawei,SCL-TL00H,Honor 4A,SCL-AL00
Huawei,MAR-LX3A,P30 Lite,MAR-LX3A
Huawei,CHM-U01,Honor 4C,CHM-U01
Huawei,HMA-L29,Mate 20,HMA-L29
Huawei,CHC-U03,G Play Mini,CHC-U03
Huawei,G750-U10,Honor 3X,HUAWEI G750-U10
Huawei,TNY-AL00,Magic 2,TNY-AL00
Huawei,G630-U10,Ascend G630,G630-U10
Huawei,403HW,Mediapad M1 8.0,403HW
Huawei,503HW,LUMIERE,503HW
Huawei,HWV32,P20 Lite,HWV32
Huawei,BAH-W09,MediaPad M3 Lite 10,BAH-W09
Huawei,CRR-UL20,Mate S,HUAWEI CRR-UL20
Huawei,CHM-TL00H,Honor Play 4C,CHM-TL00H
Huawei,T1,MediaPad T1 8.0,MediaPad T1 8.0
Huawei,BAH-W09,MediaPad M3 Lite,BAH-W09
Huawei,HWT31,MediaPad T2 10.0 Pro,HWT31
Huawei,d-02K,dtab Compact,d-02K
Huawei,BLL-L22,GR5 (2017),BLL-L22
Huawei,RNE-L23,Mate 10 Lite,RNE-L23
Huawei,PCT-L29,Honor V20,PCT-L29
Huawei,EVA-AL10,P9 Premium Edition,EVA-AL10
Huawei,ATU-AL10,Enjoy 8E,ATU-AL10
Huawei,G615-U10,Ascend G615,HUAWEI G615-U10
Huawei,VNS-TL00,G9 Lite,HUAWEI VNS-TL00
Huawei,Hol-U19,Honor Holly,Hol-U19
Huawei,VIE-L29,P9 Plus,VIE-L29
Huawei,MHA-L29,Mate 9,MHA-L29
Huawei,VTR-L29,P10,VTR-L29
Huawei,Y560-U02,Ascend Y560,HUAWEI Y560-U02
Huawei,MED-LX9N,Y6p,MED-LX9N
Huawei,P7-L10,Ascend P7,HUAWEI P7-L10
Huawei,KIW-UL00,Honor 5X,KIW-UL00
Huawei,PIC-LX9,Nova 2,PIC-LX9
Huawei,DUA-L22,Honor 7s,DUA-L22
Huawei,SNE-LX2,Mate 20 Lite,SNE-LX2
Huawei,LYA-TL00,Mate 20 Pro,LYA-TL00
Huawei,STK-LX3,Honor 9X,STK-LX3
Huawei,P7-L00,Ascend P7-L00,HUAWEI P7-L00
Huawei,JKM-LX2,Y9 2019,JKM-LX2
Huawei,CRO-U00,Y3 (2017),CRO-U00
Huawei,FIG-LX2,P smart,FIG-LX2
Huawei,TIT-AL00,Enjoy 5,HUAWEI TIT-AL00
Huawei,DUB-AL00,Enjoy 9,DUB-AL00
Huawei,G750-T20,Honor 3X Pro,HUAWEI G750-T20
Huawei,AUM-AL29,Honor 7A Pro,AUM-L29
Huawei,VKY-L29,P10 Plus,VKY-L29
Huawei,DLI-L42,Honor 6A Pro,DLI-L42
Huawei,FRD-L14,Honor 8,FRD-L14
Huawei,HWI-AL00,nova 2s,HWI-AL00
Huawei,MT1-U06,Ascend Mate,HUAWEI MT1-U06
Huawei,TAG-L03,Enjoy 5S,HUAWEI TAG-L03
Huawei,POT-LX2J,nova Lite 3,POT-LX2J
Huawei,LON-AL00,Mate 9 Pro,LON-AL00
Huawei,JAT-L29,Honor Play 8A,JAT-L29
Huawei,INE-LX2r,NOVA 3I,INE-LX2r
Huawei,MYA-L23,Y5 (2017),MYA-L23
Huawei,MYA-AL10,Honor 6 Play,MYA-AL10
Huawei,H30-U10,Honor 3C,H30-U10
Huawei,MT7-TL10,Ascend Mate 7,JAZZ
Huawei,JSN-L42,Honor 8X,JSN-L42
Huawei,MAR-LX2,Nova 4e,MAR-LX2
Huawei,Y550-L02,Ascend Y550,HUAWEI Y560-L02
Huawei,EVA-L29,P9 Standard Edition,EVA-L29
Huawei,FRD-L19,Honor 8 Premium,FRD-L19
Huawei,MYA-TL10,Honor Play 6,MYA-TL10
Huawei,SPN-AL00,Nova 5i Pro,SPN-AL00
Huawei,POT-LX1T,P Smart+ 2019,POT-LX1T
Huawei,DIG-TL10,Enjoy 6S,DIG-TL10
Huawei,HRY-LX1T,Honor 20 lite,HRY-LX1T
Huawei,G7-UL20,Ascend G7,HUAWEI G7-UL20
Huawei,ART-L29N,Y7p,ART-L29N
Huawei,KOB-W09,MediaPad T3 8.0,KOB-W09
Huawei,TIT-U02,Y6 Pro,HUAWEI TIT-U02
Huawei,RIO-L03,G8,HUAWEI RIO-L03
Huawei,FLA-TL10,Y9 2018,FLA-TL10
Huawei,G7-L11,Ascend G760-L11,HUAWEI G7-L11
Huawei,AUM-AL33,Honor 7A,AUM-L33
Huawei,PLE-703L,MediaPad T2 7.0 Pro,PLE-703L
Huawei,G740-L00,Ascend G740,G740-L00
Huawei,CHe2-UL00,Honor Play 4X,Che2-UL00
Huawei,G7-L03,Ascend G760-L03,HUAWEI G7-L03
Huawei,MLA-L12,Nova Plus,HUAWEI MLA-L12
Huawei,STK-LX3,Y9 Prime,STK-LX3
Huawei,TRT-TL10,Enjoy 7 Plus,TRT-TL10
Huawei,JMM-TL10,Honor V9 Play,JMM-TL10
Huawei,COR-L29,Honor Play,COR-L29
Huawei,MYA-U29,Y5,MYA-U29
Huawei,MYA-L41,Y6 2017,MYA-L41
Huawei,SHT-AL09,MediaPad M5 8,SHT-AL09
Huawei,INE-LX1,P-Smart+,INE-LX1
Huawei,VOG-TL00,P30 Pro,VOG-TL00
Huawei,FRL-L22,Y9a,FRL-L22
Huawei,COL-L29,Honor 10,COL-L29
Huawei,KII-L22,GR5,HUAWEI KII-L22
Huawei,d-02H,MediaPad M2,d-02H
Huawei,FLA-AL20,Enjoy 8 Plus,FLA-AL20
Huawei,G526-L11,Ascend G526,G526-L11
Huawei,YAL-AL50,Honor 20s,YAL-AL50
Huawei,Y625-U51,Ascend Y625,HUAWEI Y625-U51
Huawei,GRACE,P8,HUAWEI GRA-UL10
Huawei,ATH-UL01,Honor ShotX,HUAWEI ATH-UL01
Huawei,HRY-LX2,Honor 10 Lite,HRY-LX2
Huawei,BND-L31,Honor 7X,BND-L31
Huawei,SCL-U31,Y6,HUAWEI SCL-U31
Huawei,DUA-AL00,HONOR 7 PLAY,DUA-AL00
Hisense,C20,Infinity KO,Hisense C20
Hisense,F31,INFINITY FAITH 1,Hisense F31
Hisense,U988,Infinity H3,HS-U988
Hisense,HS-G610,King Kong,HS-G610
Haier,HM-N700-FL,Haier L7,HM-N700-FL
HTC,M910X,Desire Eye,HTC_M910x
HTC,620G,Desire 620G,HTC Desire 620G dual sim
HTC,D820ys,Desire 820,HTC_D820ys
HTC,Desire 626G,Desire 626g,HTC Desire 626G dual sim
HTC,0PM92,Desire 626s,0PM92
HTC,HTCD160LVWPP,Desire 530,HTCD160LVWPP
HTC,6515LVW,One Mini 2,HTC6515LVW
HTC,M8e,One M8 Eye,HTC One_M8 Eye
HTC,One A9s,One A9s,HTC One A9s
HTC,2Q741,Desire 19+,HTC 2Q741
HTC,M8x,One M8,HTC_M8x
HTC,U11 Plus,U11+,HTC U11 plus
HTC,Desire 630 dual sim,Desire 630,HTC Desire 630 dual sim
HTC,M8x,One M8x LTE-A,HTC_M8x
HTC,8088,One Max,One Max
HTC,E8,One E8,HTC One_E8 dual sim
HTC,2Q55100,U12 Plus,HTC U12+
HTC,M9e,One M9+,HTC_M9e
HTC,HTV31,J Butterfly,HTV31
HTC,Desire 728G,Desire 728G dual sim,HTC Desire 728G dual sim
HTC,M9,One M9,HTC6535LVW
HTC,Butterfly,HTC Deluxe,HTC Butterfly
HTC,D820mu,HTC Desire 820 mini,HTC_D820mu
HTC,M10h,10,HTV32
HTC,802D,HTC One Dual Sim,HTC One dual sim
HTC,820s,HTC Desire,HTC Desire 820s dual sim
HTC,D10i,Desire 10 Pro,HTC_D10i
HTC,X10u,One X10,HTC One X10
HTC,Desire 820G PLUS dual sim,Desire 820G+,HTC Desire 820G PLUS dual sim
HTC,One X,One X,HTC One X
HTC,HTCD200LVW,Desire 626,HTC_D626q
HTC,A9,One A9,HTC One A9
HTC,HTL22,J One,HTL22
HTC,Desire 626,Desire 626 (USA),HTC Desire 626
HTC,6525LVW,HTC One M8,HTC6525LVW
HTC,Desire 626G PLUS,Desire 626g+,HTC Desire 626GPLUS dual sim
HTC,HTL23,Butterfly 3,HTL23
HTC,One X9,One X9,HTC One X9 dual sim
HTC,HTL21,Butterfly J,HTL21
HTC,510,Desire 510,HTC Desire 510
HTC,One M8t,M8,HTC M8t
HTC,HTC6435LVW,Droid DNA,HTC6435LVW
HTC,2PZM3,U Play,HTC 2PZM3
HTC,B810X,Butterfly 2,HTC Butterfly 2
HTC,D10u,Desire 10 Lifestyle,HTC_D10u
HTC,601HT,U11,601HT
HTC,Desire 310,Desire,HTC Desire 310
Gionee,E8,Elife E8,e8
Gionee,M5,Marathon,M5
General Mobile,GM 5 Plus,5 Plus,GM 5 Plus
Fujitsu,F-06E,ARROWS NX F-06E for DoCoMo,F-06E
Fujitsu,202F,ARROWS A 202F for Softbank,202F
Fujitsu,F-03F,Disney Mobile on docomo F-03F for DoCoMo,F-03F
Fujitsu,301F,Arrows A-301F,301F
Fujitsu,F-02F,Arrow Tab,F-02F
Fujitsu,FJT21,Arrows Tab FJT21,FJT21
Fujitsu,FJL22,ARROWS Z FJL22 for KDDI,FJL22
Fujitsu,F-03H,arrows SV F-03H,F-03H
Fujitsu,F-01H,Arrows Fit,F-01H
Fujitsu,F-03G,ARROWS Tab F-03G,F-03G
Fujitsu,F-01F,ARROWS NX F-01F for DoCoMo,F-01F
Fujitsu,F-07E,Disney Mobile on docomo F-07E for DoCoMo,F-07E
Fujitsu,201F,ARROWS A 201F for Softbank,201F
Fujitsu,F-05F,Arrows NX,F-05F
Fujitsu,F-04H,Arrows Tab,F-04H
Fujitsu,EM01F,ARROWS S EM01F for Y!mobile,EM01F
Fujitsu,801FJ,Arrows U,801FJ
Fly,IQ4511,Tornado One,IQ4511 Octa
Fly,IQ4509,Intruder,IQ4509
FREETEL,FTJ152B,PRIORI 3S LTE,FTJ152B
FREETEL,FTJ162E,Raijin,FTJ162E
FREETEL,FTJ161B,Samurai Rei,FTJ161B
FREETEL,FTJ152A,Priori3,FTJ152A
Essential,PH-1,Phone,PH-1
Ellipsis,QTASUN1,8 HD tablet,QTASUN1
E-tel,i20,Premire,E-tel_i20
DoCoMo,L-05D,Optimus it,L-05D
DoCoMo,F-01J,arrows NX F-01J,F-01J
DoCoMo,SO-04D,Xperia GX,SO-04F
DoCoMo,F-02H,arrows NX F-02H,F-02H
DoCoMo,F-02G,Arrows NX F-02G,F-02G
DoCoMo,SC-06D,Galaxy SIII LTE,SC-06D
Dell,Venue 10 5050,Venue 10 5000 Series,Venue 10 5050
Dell,3830,Venue 8,Venue 8 3830
Coolpad,1825-E0,Cool 3,1825-E0
Coolpad,3622A,Catalyst,Coolpad 3622A
Coolpad,cp3705A,Legacy,cp3705A
Coolpad,CP8676_I02,Note 3,CP8676_I02
Boost Mobile,Boost View 5.0,Boost View 5.0,Boost View 5.0
BlackBerry,BBD100-6,Blackberry Motion,BBD100-6
BlackBerry,BBE100-4,KEY2 LE,BBE100-4
BlackBerry,BBF100-6,KEY2,BBF100-6
BlackBerry,BBA100-2,DTEK60,BBA100-2
BlackBerry,STV100-4,Priv,STV100-4
BlackBerry,BBB100-7,Keyone,BBB100-7
Asus,MeMO Pad 7,MeMO Pad 7,ASUS MeMO Pad 7
Asus,X00TD,Zenfone Max Pro (M1) ZB601KL,ASUS_X00TD
Asus,Z00UDB,Zenfone Selfie,ASUS_Z00UDB
Asus,X00LD,Zenfone 4 Selfie ZD553KL,ASUS_X00LD
Asus,Z01HD,ZenFone 3 Zoom,ASUS_Z01HD
Asus,X00DDA,Zenfone 3 Max,ASUS_X00DDA
Asus,Z01RD,ZenFone 5,ASUS_Z01RD
Asus,Z380M,ZenPad 8,P00A
Asus,ZS661KS,ROG Phone 3,ZS661KS
Asus,Z01KD,ZENFONE 4 ZE554KL,ASUS_Z01KD
Asus,Z017DA,Zenfone 3 ZE520KL,ASUS_Z017DA
Asus,K00Z,FonePad 7,K00Z
Asus,Z010DB,Zenfone Max,ASUS_Z010DB
Asus,P00J,Zenpad Z8s,ASUS_P00J
Asus,X00KD,Zenfone 4 Max,ASUS_X00KD
Asus,X018D,ZenFone Max Plus M1 (ZB570TL),ASUS_X018D
Asus,I005DA,ROG Phone 5,ASUS_I005DA
Asus,I002D,Zenfone 7 ZS670KS,ASUS_I002D
Asus,AST21,Memo Pad 8,AST21
Asus,ZE551ML,ZenFone 2,ASUS_Z00AD
Asus,X00RD,Zenfone Live L1,ASUS_X00RD
Asus,P01MA,Zenpad S 8.0,P01MA
Asus,Z012DA,Zenfone 3 ZE552KL,ASUS_Z012DA
Asus,ZC600KL,Zenfone 5 Lite,ZC600KL
Asus,ME173X,Memo Pad HD7,ME173X
Asus,T00P,Zenfone 5,ASUS_T00P
Asus,X013DB,Zenfone Go 5.5,ASUS_X013DB
Asus,X008D,Pegasus 3,ASUS_X008D
Asus,I001DE,ROG Phone II,ASUS_I001DE
Asus,Z01BDA,Zenfone 3 Laser,ASUS_Z01BDA
Asus,Z00LD,Zenfone 2 Laser,ASUS_Z00LD
Asus,Z01QD,ROG Phone,ASUS_Z01QD
Asus,T00G,Zenfone 6,ASUS_T00G
Asus,A006,Zenfone V V520KL,ASUS_A006
Andy,AndyWin Emulator,Android Emulator,AndyWin
Amazon,KFMUWI,Fire 7 Tablet,KFMUWI
Amazon,KFDOWI,Kindle Fire HD 8 (2017),KFDOWI
Amazon,KFAUWI,Fire 7 (2017),KFAUWI
Amazon,KFKAWI,Fire HD 8 (2018),KFKAWI
Amazon,KFASWI,Fire HD 7 (4th Gen),KFASWI
Amazon,KFMAWI,Fire HD 10 (2019),KFMAWI
Amazon,KSFUWI,Fire HD 10 (2017),KFSUWI
Amazon,SD4930UR,Fire Phone,SD4930UR
Amazon,KFTT,Kindle Fire HD 7,Amazon Tate
Amazon,KFFOWI,Fire,KFFOWI
Amazon,KFONWI,Fire HD 8 (2020),KFONWI
Amazon,KFJWI,Kindle Fire HD 8.9,Kindle Fire HD (3rd Generation)
Alcatel,5058I,3X,5058I
Alcatel,5023F,Pixi 4 Plus Power,5023F
Alcatel,9029Z,Joy Tab,9029Z
Alcatel,5059I,1X,5059I
Alcatel,9015Q,Pixi 4 7.0,9015Q
Alcatel,5048U,3X (2019),5048U
Alcatel,5095K,Pop 4S,5095K
Alcatel,5034D,3L,5034D
Alcatel,A574BL,Raven,A574BL
Alcatel,5026D,3C,5026D
Alcatel,9002X,Pixi 3 (7),9002X
Alcatel,8050D,PIXI 4(6),8050D
Alcatel,5099Y,3v,5099Y
Alcatel,5030U,1SE,5030U
Alcatel,4009X,Pixi 3 (3.5),4009X
Alcatel,5009A,1C,5009A
Alcatel,5032W,3V (2019),5032W
Alcatel,5007U,1V (2020),5007U
Alcatel,5008U,1x (2019),5008U
Alcatel,7071D,A7 XL,7071D
Alcatel,5002D_EEA,1B 2020 Global,5002D_EEA
Alcatel,5080X,Shine Lite,5080X
Alcatel,5024F_EEA,1S,5024F_EEA
Alcatel,5061U,3X (2020),5061U
Alcatel,8092 EEA,1T 10,8092_EEA
Alcatel,5085Q,A5 LED,5085Q
Alcatel,7053D,X1,7053D
Alcatel,5033D,Essential Plus,5033D
Alcatel,5056D,Pop 4+,5056D
Alcatel,5060D,5V,5060D
Alcatel,5044S,U50,5044G
Alcatel,5045I,Pixi 4 5.0,5045I
Alcatel,5045D,PIXI 4 (5),5045D
Alcatel,5049S,A30 Fierce,5049S
Alcatel,8088X,3T 10,8088X
Alcatel,9032X,3T 8,9032X
Alcatel,5017B,Pixi 3 (4.5),5017B
Alcatel,7070Q,POP 4 (6),7070Q
Alcatel,5012F,Pixi 4 5.5,5012F
Alcatel,9024W,A30,9024W
Alcatel,One Touch Idol 4 6055K,Idol 4,6055K
Alcatel,6045O,One Touch Idol 3 Dual SIM,6045O
Alcatel,6044D,Pop Up,6044D
Alcatel,9022X,One Touch Pixi 3 (8.0),9022X
Alcatel,4034F,Pixi 4 (4),4034F
Alcatel,5029D,3L (2020),5029D
Alcatel,9006W,OneTouch Pixi 3 (7),9006W
Alcatel,5028D_EEA,1S (2020),5028D_EEA
Alcatel,9003X,One Touch Pixi 4 7.0 3G,9003X
Alcatel,5044F,U5,5044D
Alcatel,9026X,A3 10,Alcatel 9026S
Alcatel,5001U,1V,5001U
Alcatel,9009G,1T 7,9009G
Acer,E39,Liquid E700,E39
Acer,A500,Picasso,A500
Acer,A3-A40,Iconia Tab 10,A3-A40
Acer,T08,Liquid Zest Plus,T08
Acer,B3-A20,Iconia One 10,B3-A20
AT&T,U304AA,Emblem Radiant,U304AA
AT&T,K92,Primetime,K92
