Name, Price
Nokia G20 128GB, Rs. 28499
Infinix Note 10 Pro 256GB, Rs. 35999
Xiaomi Redmi Note 10S 8GB, Rs. 39999
Xiaomi Redmi Note 10 5G 6GB, Rs. 35999
Xiaomi Redmi Note 10 5G, Rs. 32999
Huawei Watch Fit, Rs. 21999
Infinix Hot 10S, Rs. 24999
Tecno Spark 7 Pro, Rs. 21999
OnePlus Nord 12GB, Rs. 94999
Xiaomi Poco M3 Pro, Rs. 32999
Vivo V21e, Rs. 45999
OnePlus Nord, Rs. 78999
OnePlus 8T 12GB, Rs. 118999
OnePlus 8 12GB, Rs. 109999
Nokia G20, Rs. 23500
Xiaomi Poco F3 8GB, Rs. 65999
itel Vision 2, Rs. 15999
Xiaomi Poco X3 Pro 8GB, Rs. 47999
Tecno Spark 7, Rs. 18999
Realme Narzo 30, Rs. 32999
Infinix Hot 10i, Rs. 19999
Nokia C20, Rs. 13500
Tecno Camon 17 Pro, Rs. 31999
Samsung Galaxy A72 256GB, Rs. 84999
Nokia X20, Rs. 54999
Nokia X10, Rs. 49999
Tecno Spark 6 Go 4GB, Rs. 17499
Tecno Spark 6 Go 3GB, Rs. 15999
Xiaomi Redmi Note 10S, Rs. 37999
Xiaomi Redmi Note 10 Pro 8GB, Rs. 47999
Realme C25, Rs. 26999
Nokia G10, Rs. 20999
Realme Narzo 30A, Rs. 20599
itel A23 Pro, Rs. 7299
Realme C21, Rs. 19999
Xiaomi Poco F3, Rs. 55999
Xiaomi Redmi 9T 64GB, Rs. 25999
Oppo A54, Rs. 31999
Samsung Galaxy A02 64GB, Rs. 17899
OnePlus Nord N10, Rs. 49999
itel Vision 1 Pro 3GB, Rs. 14999
Infinix Hot 10 Play 4GB, Rs. 18999
Tecno Camon 17, Rs. 24999
Infinix Note 10 Pro, Rs. 30999
Oppo F19 Pro, Rs. 49999
Xiaomi Poco X3 Pro, Rs. 41999
Xiaomi Redmi 9T 6GB, Rs. 31999
itel Vision 1 Pro, Rs. 13499
Samsung Galaxy A02s 4GB, Rs. 19999
Xiaomi Mi 11 Lite, Rs. 43999
Samsung Galaxy A12 128GB, Rs. 29750
Xiaomi Redmi 9T, Rs. 27999
itel Magic 2 Max, Rs. 2599
Vivo Y31, Rs. 31999
Xiaomi Mi 10T 6GB, Rs. 62999
Infinix Hot 10 Play, Rs. 15999
Xiaomi Poco M3 128GB, Rs. 26999
itel Magic 2, Rs. 2349
itel Value 400, Rs. 1550
Vivo Y20 2021, Rs. 25999
Xiaomi Mi 11, Rs. 144999
Nokia 5.4, Rs. 31999
Vivo V21, Rs. 59999
itel 5026, Rs. 1749
itel A14 Max, Rs. 4650
itel Vision 1, Rs. 11999
Infinix Smart 5 3GB, Rs. 16999
Infinix Smart HD, Rs. 13999
Xiaomi Poco M3, Rs. 25999
itel A48, Rs. 11999
itel Value 110, Rs. 1449
Vivo X60 Pro, Rs. 129999
itel Value 100, Rs. 1399
itel Vision 1 Plus, Rs. 14999
itel A36, Rs. 8499
itel A25 Pro, Rs. 9499
Nokia 6300 4G, Rs. 9500
Tecno Spark 6 Go, Rs. 14499
QMobile E1000 Party 2021, Rs. 2375
Xiaomi Redmi Note 10 Pro, Rs. 43999
OnePlus 9, Rs. 134999
QMobile E4 Big, Rs. 2699
QMobile E4 2020, Rs. 2350
itel A25, Rs. 8499
OnePlus Nord N100, Rs. 22500
Samsung Galaxy A02s, Rs. 18599
Tecno Camon 16 SE, Rs. 26999
Huawei Y7a, Rs. 35999
Samsung Galaxy A21s 128GB, Rs. 33999
Vivo Y20s, Rs. 29999
Samsung Galaxy A02, Rs. 16699
Infinix Note 8i, Rs. 26999
Infinix Note 8, Rs. 29999
Oppo A15s, Rs. 25999
Infinix Zero 8i, Rs. 34999
Oppo A15, Rs. 19999
Tecno Pova, Rs. 23500
Apple iPhone 12 Mini, Rs. 140499
Samsung Galaxy A72, Rs. 69999
Vivo Y12s, Rs. 19999
Infinix Hot 10 6GB, Rs. 24999
Xiaomi Mi 10T Lite, Rs. 49999
Infinix Hot 10 128GB, Rs. 22999
Xiaomi Redmi Note 9S 4GB, Rs. 36999
Xiaomi Mi 10T, Rs. 64999
Samsung Galaxy S20 FE, Rs. 119999
Vivo V20, Rs. 54999
Samsung Galaxy A51 8GB, Rs. 54999
Vivo Y51, Rs. 32999
Tecno Pop 4, Rs. 12999
Vivo V20 SE, Rs. 41999
Huawei Nova 8 Pro, Rs. 97999
Tecno Camon 16 Premier, Rs. 39999
Tecno Camon 16 Pro, Rs. 29999
Tecno Camon 16, Rs. 33999
Xiaomi Poco X3, Rs. 41999
Samsung Galaxy A12, Rs. 27200
Samsung Galaxy M31s, Rs. 47999
Samsung Galaxy M31, Rs. 44999
Huawei Y9a, Rs. 43999
Samsung Galaxy M51, Rs. 61999
Samsung Galaxy M11, Rs. 24999
Tecno Spark 6, Rs. 19599
Nokia 225 4G, Rs. 6400
Oppo Reno 5, Rs. 55999
Oppo Reno 5 Pro, Rs. 104999
Oppo F17 Pro, Rs. 44999
Realme C17, Rs. 28999
Realme 7i, Rs. 33999
Realme 7 Pro, Rs. 49999
Realme 8 pro, Rs. 47999
Realme 8, Rs. 39999
Oppo F17, Rs. 37999
Oppo A53, Rs. 27999
Nokia 3.4, Rs. 23750
Vivo Y20, Rs. 25999
Xiaomi Redmi 9C 3GB, Rs. 17999
Infinix Smart 5, Rs. 14999
Vivo Y1s, Rs. 15999
Infinix Hot 10, Rs. 20999
Infinix Zero 8, Rs. 36999
Realme C12, Rs. 16999
OnePlus 8T, Rs. 102999
QMobile View Max Pro, Rs. 13900
Xiaomi Redmi 9 3GB, Rs. 20499
Vivo Y51s, Rs. 37999
Infinix Hot 9 Play 4GB, Rs. 18999
Realme C15, Rs. 24999
QMobile Smart View Max, Rs. 12500
QMobile Smart i7i, Rs. 6999
Oppo A31 3GB, Rs. 22999
Infinix Hot 9 Play 3GB, Rs. 16999
Nokia 2.4, Rs. 18900
Alcatel 1SE, Rs. 16499
Samsung Galaxy A01 Core, Rs. 13999
Realme C11, Rs. 15999
Samsung Galaxy A52, Rs. 57999
Samsung Galaxy A32, Rs. 39999
Alcatel 3X, Rs. 19999
Alcatel 1S 2020, Rs. 14999
Oppo A12 3GB, Rs. 19999
Vivo Y30 128GB, Rs. 29999
Oppo A11k, Rs. 17999
Tecno Pop 3, Rs. 8999
Xiaomi Redmi 9C, Rs. 16699
Xiaomi Redmi 9A, Rs. 14599
Infinix Hot 9 Play, Rs. 15999
Oppo Reno 4, Rs. 59999
Oppo Reno 4 Pro, Rs. 84999
Huawei Y8p, Rs. 32200
Vivo Y11 2GB, Rs. 17999
Xiaomi Redmi Note 10, Rs. 31999
Nokia 150 2020, Rs. 4999
Realme 6 8GB, Rs. 41999
Xiaomi Redmi 9, Rs. 26499
Vivo Y30, Rs. 27999
Huawei Y6p, Rs. 20899
Huawei Y5p, Rs. 14100
Infinix Hot 9 4GB, Rs. 21999
Samsung Galaxy S21, Rs. 149999
Realme X3 Super Zoom, Rs. 79999
Oppo A52, Rs. 34999
Oppo A12e, Rs. 19999
Samsung Galaxy A21s, Rs. 29999
Apple iPhone SE 2020, Rs. 92499
Oppo A12, Rs. 24999
Xiaomi Mi Note 10 Lite, Rs. 62999
Infinix Hot 9, Rs. 17499
Nokia 5310 2020, Rs. 6899
Nokia 8.3 5G, Rs. 114999
Xiaomi Redmi Note 9S, Rs. 37999
Xiaomi Redmi Note 9, Rs. 31999
Nokia 5.3, Rs. 28999
Xiaomi Redmi Note 9 Pro, Rs. 43999
Realme 6 pro, Rs. 49999
Realme 6i, Rs. 29999
QMobile Rocket Lite, Rs. 8199
Oppo A31, Rs. 29999
Honor 9X Lite, Rs. 29999
Huawei Y7p, Rs. 28999
Huawei Nova 7i, Rs. 41999
Xiaomi Mi 10, Rs. 149999
Realme C3, Rs. 19999
OnePlus 8, Rs. 105499
Realme 5i, Rs. 24999
Samsung Galaxy A31, Rs. 36999
Samsung Galaxy A11, Rs. 18999
Oppo Reno 3 Pro, Rs. 59999
Huawei Y6s, Rs. 19800
Samsung Galaxy A01, Rs. 15999
Realme C2 64GB, Rs. 17999
Oppo Reno 3, Rs. 46999
Infinix Smart 4, Rs. 13999
Xiaomi Mi Note 10 Pro, Rs. 89999
Nokia 2.3, Rs. 14900
Realme 6, Rs. 36999
Xiaomi Mi Note 10, Rs. 79999
Oppo A5 2020 64GB, Rs. 27999
Huawei Y9s 2019, Rs. 40999
Samsung Galaxy A30s 128GB, Rs. 38999
Realme 5s, Rs. 29999
Samsung Galaxy A51, Rs. 49999
Vivo Y11, Rs. 19999
OnePlus 8 Pro, Rs. 143999
QMobile QSmart Hot Pro 2, Rs. 11999
Xiaomi Redmi Note 8 Pro 128GB, Rs. 43999
Samsung Galaxy Note 10 Lite, Rs. 99999
Realme 5 128GB, Rs. 27999
Realme 5 3GB, Rs. 23999
Infinix Hot S5, Rs. 20999
Realme 5 Pro 8GB, Rs. 40999
Motorola Moto One Macro, Rs. 29999
Telenor Infinity i5, Rs. 9000
Infinix Hot 8 4GB, Rs. 17999
Huawei Y7 Prime 2019 SE, Rs. 24999
Realme C2 3GB 32GB, Rs. 19999
Vivo S1 4GB, Rs. 35999
Nokia 3.2 64GB, Rs. 18900
Oppo A5 2020, Rs. 31999
Nokia 2720 Flip, Rs. 14499
Nokia 110, Rs. 3700
Oppo A9 2020, Rs. 37999
Samsung Galaxy A20s, Rs. 30500
Realme C2 32GB, Rs. 14999
Samsung Galaxy A71, Rs. 67999
Realme XT, Rs. 49999
OnePlus 7T, Rs. 79999
OnePlus 7T Pro, Rs. 82500
Xiaomi Redmi Note 8 Pro, Rs. 39999
Honor 10 Lite 128GB, Rs. 31999
Oppo Reno 2F, Rs. 45999
Xiaomi Redmi 8, Rs. 22499
Realme 5 Pro, Rs. 32999
Tecno Spark Go, Rs. 12499
Samsung Galaxy A30s, Rs. 36999
Xiaomi Redmi Note 8, Rs. 29999
Nokia 105 2019, Rs. 2649
Nokia 7.2, Rs. 39999
Realme 5, Rs. 25999
QMobile QSmart LT200, Rs. 6499
LG W30 Pro, Rs. 30470
LG W30, Rs. 23699
Nokia 3.2 32GB, Rs. 17700
Motorola Moto E6 Plus, Rs. 19999
LG W10, Rs. 27085
Realme 3 Pro 6GB, Rs. 39999
Nokia 2.2, Rs. 14900
Xiaomi Pocophone F2 Pro, Rs. 112000
Samsung Galaxy A10s, Rs. 16999
Vivo Y12, Rs. 20999
Honor 9X, Rs. 39999
Motorola Moto E6, Rs. 24999
Vivo S1 Pro, Rs. 39999
Huawei Y9 Prime 2019, Rs. 33999
Oppo A5s 4GB, Rs. 29999
QMobile i8i 2019, Rs. 7249
QMobile i5i 2019, Rs. 6499
Vivo Y17, Rs. 33999
Realme C2, Rs. 15999
QMobile QSmart LT950, Rs. 7849
QMobile QSmart LT900, Rs. 7699
Honor 8S, Rs. 18999
Realme 3 4GB, Rs. 24999
OnePlus 7 Pro, Rs. 83000
Honor 20 Pro, Rs. 99999
Oppo A1K, Rs. 16999
Vivo S1, Rs. 35999
QMobile L3 Lite, Rs. 1449
QMobile I8i Pro II, Rs. 7599
Samsung Galaxy A2 Core, Rs. 14999
Honor 10i, Rs. 36999
QMobile Paris, Rs. 1999
QMobile Double Dhamal, Rs. 1995
QMobile Hero One, Rs. 1899
QMobile Commando 1, Rs. 2750
OnePlus 7, Rs. 74000
Realme 3 Pro, Rs. 35499
Nokia 210, Rs. 5275
Nokia 3.2, Rs. 13900
Realme 3, Rs. 22999
QMobile Phantom P1 Pro, Rs. 18500
QMobile Phantom P1, Rs. 16999
Zong Z1, Rs. 10999
QMobile Fire, Rs. 12500
Huawei P30 Lite, Rs. 39999
QMobile i5i 2018, Rs. 7699
Nokia 1 Plus, Rs. 11450
Samsung Galaxy A20, Rs. 28500
Oppo F19, Rs. 34999
Huawei Y6 Prime 2019, Rs. 18999
Huawei Y7 Prime 2019, Rs. 22999
Nokia 6.2, Rs. 29999
QMobile X6030, Rs. 3049
Samsung Galaxy A10, Rs. 21999
Realme C1, Rs. 16999
Realme 2 Pro, Rs. 46999
QMobile L105, Rs. 1249
Honor 8A, Rs. 19999
Huawei MediaPad T3 7, Rs. 16700
Huawei MediaPad T3 10, Rs. 28699
Meizu M6T, Rs. 24000
Meizu C9, Rs. 14000
Huawei Watch GT, Rs. 29999
Samsung Galaxy A30, Rs. 37999
Samsung Galaxy A50, Rs. 48999
Nokia 106 2018, Rs. 2799
Samsung Galaxy S10 Lite, Rs. 113999
Honor 10 Lite, Rs. 28499
Huawei P30, Rs. 89999
Samsung Galaxy A70, Rs. 59999
Nokia 8.1, Rs. 39899
Nokia 3.1 Plus, Rs. 19899
QMobile QInfinity Prime, Rs. 17999
Honor 8C, Rs. 23999
Nokia 7.1, Rs. 33899
Oppo A7, Rs. 31999
Apple iPhone XS, Rs. 141999
QMobile QInfinity D, Rs. 9999
Honor 8X, Rs. 34999
Honor Play, Rs. 41999
BlackBerry Evolve, Rs. 57999
QMobile QInfinity Cinema, Rs. 14500
Nokia 6.1 Plus, Rs. 28799
Huawei Nova 3i, Rs. 36999
Telenor Infinity E3, Rs. 9900
Nokia 5.1 Plus, Rs. 22899
QMobile QInfinity E Lite, Rs. 10999
Nokia 3.1, Rs. 10900
Nokia 2.1, Rs. 12450
QMobile Blue 5, Rs. 8299
Honor 7S, Rs. 14999
BlackBerry Key 2, Rs. 102999
QMobile Noir LT100, Rs. 6999
Motorola Moto E5 Plus, Rs. 27000
Honor 10, Rs. 59999
Telenor Infinity E2, Rs. 10900
Telenor Infinity A2, Rs. 9499
Telenor Infinity E, Rs. 9500
Telenor Infinity I, Rs. 7500
Telenor Infinity A, Rs. 13000
Lenovo K5 Play, Rs. 18999
Honor 7A, Rs. 15799
QMobile QInfinity E, Rs. 12000
HTC U12 Plus, Rs. 112999
QMobile QInfinity C, Rs. 8499
QMobile QInfinity B, Rs. 7999
QMobile I8i Pro, Rs. 9999
Lenovo S5, Rs. 34999
Honor 7C, Rs. 18999
Honor 9, Rs. 47999
Honor 7X, Rs. 24999
QMobile Noir S8 Plus, Rs. 12000
Huawei Mate 20 Pro, Rs. 119999
Huawei P20 Pro, Rs. 99999
QMobile Noir E3 Dual, Rs. 15000
QMobile S9, Rs. 12500
Nokia 8110 4G, Rs. 7150
Nokia 7 Plus, Rs. 29900
QMobile Eco 200 Classic, Rs. 2150
Motorola Moto E5, Rs. 22500
QMobile Noir LT300, Rs. 7250
Motorola Moto G6 Plus, Rs. 42000
Motorola Moto G6, Rs. 36499
QMobile Power 9 Pro, Rs. 2599
Lenovo K320T, Rs. 15500
Sony Xperia L2, Rs. 27999
Sony Xperia XA2 Ultra, Rs. 48999
Nokia 1, Rs. 9499
Nokia 6 2018, Rs. 27800
LG V30 Plus, Rs. 80999
QMobile Black Two, Rs. 9000
QMobile Q Infinity, Rs. 16999
QMobile Noir S15, Rs. 12999
QMobile G7, Rs. 2099
QMobile SP3000, Rs. 2899
BlackBerry Motion, Rs. 52249
QMobile QTAB V500, Rs. 11999
QMobile Noir i9i, Rs. 8700
QMobile Noir S8, Rs. 10500
Nokia 3310 3G, Rs. 7570
HTC U11 Plus, Rs. 80799
Meizu M6, Rs. 17999
QMobile Super Star Music, Rs. 2650
QMobile Super Star Power, Rs. 2699
Apple iPhone X, Rs. 144999
Sony Xperia XA1 Plus, Rs. 32999
QMobile Hero Music, Rs. 2699
QMobile E900 Selfie, Rs. 2550
QMobile Noir LT550, Rs. 7999
QMobile Dual One, Rs. 7999
QMobile G3, Rs. 2249
QMobile G6, Rs. 2750
QMobile G5, Rs. 2550
QMobile SP5000, Rs. 2499
QMobile Power 500, Rs. 2050
QMobile Evok Power Lite, Rs. 9500
QMobile Evok Power, Rs. 11999
QMobile G2, Rs. 2499
Meizu M6 Note, Rs. 29999
QMobile Q3310 Mini, Rs. 1599
QMobile E1000 Party, Rs. 2425
QMobile Noir CS1 Plus, Rs. 16500
QMobile SP2000, Rs. 2349
QMobile Noir J2, Rs. 9500
QMobile Noir J1, Rs. 8500
QMobile Noir X1S, Rs. 16500
Meizu Pro 7 Plus, Rs. 59999
QMobile Noir LT600 Pro, Rs. 8450
Meizu Pro 7, Rs. 45999
QMobile i6 Metal 2017, Rs. 8999
Nokia 2, Rs. 11920
QMobile SP1000, Rs. 2799
QMobile Noir X29, Rs. 4850
QMobile QNote, Rs. 8999
LG Q8, Rs. 53999
Nokia 130 2017, Rs. 3800
Haier Ginger G55, Rs. 10499
Haier Leisure L55s, Rs. 15499
LG Q6, Rs. 28999
QMobile Power 4000, Rs. 2999
QMobile Noir I8i, Rs. 8499
QMobile Noir A1 Lite, Rs. 17500
QMobile CS1, Rs. 13999
QMobile Noir A1, Rs. 21500
QMobile Power 14, Rs. 2650
QMobile Noir LT500 Pro, Rs. 8500
QMobile Noir E2, Rs. 14000
QMobile Q3310, Rs. 2349
QMobile J1000, Rs. 2899
QMobile F2, Rs. 2750
QMobile ECO 100, Rs. 1799
QMobile Ultra 1, Rs. 1999
LG V30, Rs. 74999
Meizu M3 Note, Rs. 19500
Meizu MX6, Rs. 31500
Motorola Moto G5S Plus, Rs. 28000
Sony Xperia XZ1, Rs. 63999
LG X venture, Rs. 37999
QMobile Gold 2, Rs. 2499
QMobile Ultra 2, Rs. 2890
QMobile Noir J7 Pro, Rs. 14499
QMobile K650, Rs. 2850
HTC U 11, Rs. 67700
QMobile Noir X33, Rs. 5400
Motorola Moto E4 Plus, Rs. 19999
Motorola Moto E4, Rs. 14999
Motorola Moto C Plus, Rs. 13999
QMobile Eco 3, Rs. 2350
QMobile D6, Rs. 1660
Sony Xperia XA1, Rs. 23999
QMobile N230, Rs. 2850
QMobile N222, Rs. 2699
Meizu M5, Rs. 15100
QMobile Noir M6, Rs. 20500
Sony Xperia L1, Rs. 16500
QMobile Noir M6 Lite, Rs. 14000
BlackBerry Aurora, Rs. 24999
Sony Xperia XA1 Ultra, Rs. 36500
Sony Xperia XZ Premium, Rs. 71999
Sony Xperia XZs, Rs. 51500
Nokia 3310, Rs. 7750
QMobile M5, Rs. 2250
QMobile D10, Rs. 2350
QMobile King Kong Max, Rs. 16000
QMobile E2 Plus, Rs. 1750
QMobile X4 Plus, Rs. 2475
QMobile Noir X32 Power, Rs. 5999
Nokia 3, Rs. 16400
Nokia 5, Rs. 17650
QMobile XL8, Rs. 2675
QMobile Energy X2, Rs. 13000
QMobile Energy X1, Rs. 8999
QMobile X4 Pro, Rs. 2750
QMobile Noir i7i Pro, Rs. 7100
QMobile Noir M350 Pro, Rs. 12500
Nokia 150 Dual SIM, Rs. 4800
QMobile Noir i2 Power, Rs. 6999
QMobile Noir E1, Rs. 12750
Nokia 8, Rs. 35990
HTC U Ultra, Rs. 39999
Nokia 6, Rs. 19990
QMobile Power1 Pro, Rs. 2650
QMobile E550 Music, Rs. 1975
QMobile S350, Rs. 1899
Alcatel Tablet Pixi 4, Rs. 9999
Alcatel Pixi 4 Power Plus, Rs. 12750
LG K10 2017, Rs. 18299
LG K8 2017, Rs. 10700
QMobile Power2 Pro, Rs. 1899
QMobile B65 Music, Rs. 1590
QMobile E500i Pro, Rs. 2050
QMobile L103, Rs. 1600
QMobile L9, Rs. 1899
QMobile Noir i2 Pro, Rs. 6500
LG Stylus 3, Rs. 21500
Nokia 150, Rs. 4899
LG G6, Rs. 55900
QMobile K180, Rs. 1950
QMobile S270, Rs. 1725
QMobile Noir X700 Pro Lite, Rs. 7500
QMobile Noir X700 Pro II, Rs. 9999
Apple iphone 8, Rs. 108610
Apple iphone 8 Plus, Rs. 122499
QMobile L2 Classic, Rs. 1600
QMobile E500i Music, Rs. 1975
QMobile X4 Classic, Rs. 2699
QMobile D7, Rs. 2350
QMobile XL50 Pro, Rs. 2999
QMobile Gold One, Rs. 1750
QMobile Noir S6s, Rs. 9699
QMobile Noir S6 Plus, Rs. 11999
Rivo Rhythm RX90, Rs. 9999
QMobile L1 Classic, Rs. 1500
QMobile Noir J5, Rs. 9999
Mobilink Jazz X JS7 Pro, Rs. 8500
QMobile Noir J7, Rs. 15999
QMobile D4, Rs. 1850
QMobile Noir i5.5, Rs. 8950
QMobile Diamond 1, Rs. 2399
Lenovo C2 Power, Rs. 13999
Apple iPhone 7 Plus 256GB, Rs. 109999
Apple iPhone7 Plus 128GB, Rs. 144999
QMobile D3, Rs. 1649
QMobile D1, Rs. 1750
QMobile Noir S6, Rs. 11800
GFive G10 Honor, Rs. 9999
Nokia 216, Rs. 5849
QMobile M3, Rs. 2100
QMobile E400 Pro, Rs. 1550
Apple iphone 7 256GB, Rs. 90999
Apple iphone 7 128GB, Rs. 72999
Apple iPhone 7 Plus, Rs. 100899
Apple iphone 7, Rs. 73899
QMobile Noir Z12 Pro, Rs. 17500
GFive GPower 3, Rs. 7199
GFive GPower 5, Rs. 8999
QMobile Power8, Rs. 2499
QMobile D2, Rs. 2300
Lenovo K6 Note, Rs. 25900
Lenovo K6, Rs. 16900
Sony Xperia XZ, Rs. 41999
QMobile Noir Z14, Rs. 22500
Motorola Moto M, Rs. 25400
Lenovo Vibe B, Rs. 9500
Sony Xperia X Compact, Rs. 47700
Apple iphone 6s Plus 128GB, Rs. 82000
Apple iphone 6s Plus 64GB, Rs. 76999
Alcatel Pixi 4 6, Rs. 10000
QMobile M2, Rs. 1850
QMobile ATV 2, Rs. 2500
QMobile Eco 2, Rs. 1599
QMobile ATV 1, Rs. 2099
QMobile Noir LT680, Rs. 12500
Rivo Rhythm RX88, Rs. 7300
Rivo Phantom PZ4, Rs. 7950
Motorola Moto Z Play, Rs. 43900
LG V20, Rs. 30999
BlackBerry Priv, Rs. 44000
Lenovo Vibe P2, Rs. 36900
Alcatel Pixi 4, Rs. 6999
BlackBerry DTEK50, Rs. 45000
Haier Pursuit G40, Rs. 8499
Haier Volt P4500, Rs. 13999
QMobile Noir LT700 Pro, Rs. 15500
Alcatel Idol 4s, Rs. 49500
QMobile Noir S2 Pro, Rs. 10999
QMobile Noir S2 Plus, Rs. 11200
Alcatel Tablet Pixi4 LTE, Rs. 13900
LG X power, Rs. 10250
QMobile Noir S4, Rs. 11700
QMobile Noir W40, Rs. 7250
QMobile Noir LT650, Rs. 9999
QMobile Noir LT750, Rs. 16000
QMobile Noir X700 Pro, Rs. 9400
QMobile Noir S1 Pro, Rs. 8500
QMobile 3G2, Rs. 2850
QMobile Noir W20, Rs. 4999
Alcatel Pixi 4 5, Rs. 9000
Alcatel X1, Rs. 19999
General Mobile 5 Plus, Rs. 35555
General Mobile 4G, Rs. 13499
Lenovo Moto Z, Rs. 66900
QMobile Eco One, Rs. 1999
QMobile Noir i6 Metal HD, Rs. 8850
LG Stylus 2 Plus, Rs. 45000
QMobile Noir A3, Rs. 14500
QMobile Noir A6, Rs. 10999
Alcatel 10.50, Rs. 1649
Alcatel 20.07, Rs. 4000
Alcatel 20.04, Rs. 4650
QMobile Noir X32, Rs. 5500
Alcatel Pop Star, Rs. 11500
Alcatel Pop Star 4G, Rs. 13750
Alcatel Pop Up, Rs. 12999
Alcatel Idol 3, Rs. 24500
QMobile L102, Rs. 1450
Sony Xperia XA Ultra, Rs. 33499
Lenovo Vibe C, Rs. 8999
Alcatel Idol 4, Rs. 28750
Alcatel Pop 4S, Rs. 13999
Alcatel Pop 4 PLus, Rs. 9999
Lenovo Vibe K5 Plus, Rs. 19500
Alcatel Pop 4, Rs. 13700
QMobile Noir Z10 White, Rs. 16500
Sony Xperia X Premium, Rs. 75000
QMobile Power9, Rs. 2199
QMobile Noir i6 Metal One, Rs. 8000
HTC 10, Rs. 51500
Haier Klassic C40, Rs. 2150
QMobile C15, Rs. 1999
QMobile E4 Classic Edition, Rs. 2149
Apple iphone SE, Rs. 31500
QMobile Noir Z9 Plus, Rs. 19500
QMobile Noir S9, Rs. 16000
QMobile Noir i2, Rs. 6990
Haier Klassic P5, Rs. 1999
Haier Klassic P4, Rs. 2100
Haier Esteem i90, Rs. 23500
Sony Xperia XA, Rs. 22499
Sony Xperia X Performance, Rs. 48999
Sony Xperia X, Rs. 33999
QMobile Noir Z12, Rs. 20500
QMobile Noir W15, Rs. 5050
QMobile Noir LT700 3GB, Rs. 13750
LG X Screen, Rs. 13999
LG X Cam, Rs. 35000
QMobile Noir M350, Rs. 10699
Lenovo Zuk Z1, Rs. 23999
QMobile K160, Rs. 1899
QMobile K145, Rs. 1899
QMobile Noir W50, Rs. 6900
QMobile Noir M99, Rs. 11800
QMobile Noir i7i, Rs. 6849
HTC One M10, Rs. 51500
Lenovo K5 Note, Rs. 31499
QMobile K550, Rs. 2550
QMobile K140, Rs. 1750
Rivo Rhythm RX48, Rs. 3600
QMobile E3, Rs. 1750
QMobile K150, Rs. 1899
QMobile Bolt T360, Rs. 6500
QMobile K100, Rs. 1950
QMobile K135, Rs. 1690
QMobile XL25, Rs. 2750
Lenovo Vibe S1 Lite, Rs. 26000
Mobilink Jazz Xcite JF100, Rs. 2999
Mobilink Jazz Xplore JS700, Rs. 7999
Mobilink Jazz Xplore JS500, Rs. 5499
Mobilink Jazz Xplore JS300, Rs. 4299
Lenovo A7010, Rs. 29900
QMobile 3G Lite, Rs. 2450
QMobile Noir LT700, Rs. 12200
Haier Esteem V4, Rs. 29900
LG Ray, Rs. 45000
Nokia 230, Rs. 8550
QMobile Noir Z10, Rs. 16500
Rivo Sapphire S650, Rs. 2550
QMobile Power 5, Rs. 2475
Rivo Phantom PZ20, Rs. 16500
Haier Klassic P100, Rs. 2599
QMobile Noir E8, Rs. 27500
HTC One X9, Rs. 37500
Rivo Rhythm RX150, Rs. 11850
iNew L3, Rs. 20500
LG G Vista 2, Rs. 43500
Calme Spark S15, Rs. 4500
Haier Esteem i40, Rs. 11500
QMobile XL50, Rs. 2750
Haier Esteem i50, Rs. 10900
Haier Esteem i80, Rs. 19500
GFive 4G LTE 2, Rs. 5499
Rivo Rhythm RX200, Rs. 8200
QMobile XL30, Rs. 3150
QMobile XL20, Rs. 2550
QMobile XL40, Rs. 3050
GFive 4G LTE 3, Rs. 8999
Motorola Moto X Style, Rs. 37500
LG Nexus 5X, Rs. 31799
Lenovo A1000, Rs. 6499
Calme Spark S25, Rs. 4800
iNew L1, Rs. 20500
Haier Pursuit G10, Rs. 6500
Rivo Phantom PZ18, Rs. 11400
LG V10, Rs. 41500
Lenovo A7000 Plus, Rs. 19900
HTC One A9, Rs. 51999
Lenovo A6010, Rs. 14999
Lenovo Vibe P1m, Rs. 17900
Lenovo Vibe P1, Rs. 34000
Haier Neon T20, Rs. 3499
Sony Xperia Z5 Compact, Rs. 41999
Sony Xperia Z5 Premium, Rs. 44499
Rivo Phantom PZ1, Rs. 5300
Sony Xperia Z5, Rs. 40000
QMobile Titan X700i, Rs. 9900
Rivo Rhythm RX45, Rs. 3250
Nokia 222, Rs. 4200
QMobile Noir i6i, Rs. 6199
Lenovo A2010, Rs. 6500
Rivo Rhythm RX100, Rs. 9900
Rivo Rhythm RX75, Rs. 8400
Rivo Rhythm RX80, Rs. 9000
QMobile Noir X40, Rs. 10199
QMobile Noir S5, Rs. 12500
Sony Xperia M5, Rs. 25500
Sony Xperia C5 Ultra, Rs. 32849
LG G4 Beat, Rs. 15999
Rivo Rhythm RX70, Rs. 7699
Rivo Rhythm RX65, Rs. 6200
QMobile M85, Rs. 2690
QMobile Noir Z9, Rs. 19500
QMobile Noir S1, Rs. 8999
GFive President Xhero 7, Rs. 8999
GFive President Smart 6, Rs. 5499
QMobile Power4, Rs. 2275
Lenovo Vibe S1, Rs. 36500
QMobile Power3, Rs. 1875
LG G4 Stylus, Rs. 19999
Lenovo A5000, Rs. 13900
QMobile Noir Z8 Plus, Rs. 17990
QMobile Explorer 3G, Rs. 2850
Lenovo P70, Rs. 22500
Apple iphone 6s Plus, Rs. 64999
Apple iphone 6s, Rs. 47999
Haier Klassic M108, Rs. 3100
Haier Klassic M107, Rs. 2800
Haier Klassic M106, Rs. 2490
Lenovo S90, Rs. 26900
Lenovo Vibe Z2, Rs. 51000
Haier Esteem L50, Rs. 15990
Haier Esteem i70, Rs. 12500
Haier Pursuit G30, Rs. 7999
Haier Pursuit G20, Rs. 7300
Lenovo A6000, Rs. 13900
LG G4, Rs. 31799
Nokia C1, Rs. 8299
Lenovo S60, Rs. 22700
Calme Spark S12, Rs. 4200
Calme Spark S24, Rs. 4800
QMobile Noir Z8, Rs. 12500
Microsoft Lumia 430, Rs. 5450
Lenovo A7000, Rs. 17999
Rivo Neo N310, Rs. 2150
Rivo Sapphire S610, Rs. 2275
Rivo Jaguar J505, Rs. 2890
Rivo Advance A210, Rs. 1975
Rivo Advance A220, Rs. 1825
Rivo Advance A225, Rs. 1875
Rivo Advance A230, Rs. 1790
Rivo Advance A235, Rs. 2375
Rivo Advance A240, Rs. 1850
Rivo Rhythm RX40, Rs. 4300
Rivo Rhythm RX35, Rs. 4675
Rivo Rhythm RX50, Rs. 4600
Rivo Rhythm RX55, Rs. 4700
Rivo Rhythm RX60, Rs. 9000
Rivo Phantom PZ15, Rs. 14000
Rivo Phantom PZ8, Rs. 8000
Lenovo A606, Rs. 17000
Rivo Phantom PZ10, Rs. 8500
GFive President G6 Plus, Rs. 5999
GFive President Shark 2, Rs. 2500
GFive President Shark 1, Rs. 2499
Lenovo Vibe X2, Rs. 30600
Lenovo A319, Rs. 7900
Nokia 215, Rs. 4150
Lenovo A328, Rs. 9800
HTC One M9, Rs. 47900
GFive Smart 2, Rs. 3250
GFive Smart 1, Rs. 3250
GFive President Tango 7, Rs. 19900
Lenovo A536, Rs. 12100
OPhone X325, Rs. 2250
OPhone Spark X250, Rs. 2950
OPhone Oze4, Rs. 7000
QMobile X4, Rs. 2699
OPhone Vibe X300, Rs. 2300
OPhone Stag X321, Rs. 2950
OPhone O2, Rs. 1400
OPhone O1, Rs. 1550
OPhone O9, Rs. 3400
OPhone Iris 410, Rs. 3600
OPhone Smarty 350i, Rs. 4700
OPhone Smarty 430, Rs. 4700
Calme Spark S22, Rs. 7500
Calme Spark S33, Rs. 8300
Lenovo S860, Rs. 19999
Lenovo S850, Rs. 19500
Lenovo S650, Rs. 14500
Lenovo A369i, Rs. 7900
Calme Spark S30, Rs. 7999
Calme Spark S20, Rs. 7999
Calme Spark S11, Rs. 4000
Calme Spark S7, Rs. 4000
Calme Spark S10, Rs. 5990
Calme Spark S9, Rs. 7000
Calme Spark S8, Rs. 7500
QMobile B65, Rs. 1490
Apple iphone 6 Plus, Rs. 42999
GRight Inspire A480, Rs. 14800
GRight VIEW X X1, Rs. 20500
GRight S20, Rs. 2100
Club Hello 105, Rs. 14000
Nokia 130, Rs. 3549
Club A1, Rs. 1800
Club A90i, Rs. 2425
Apple iphone 6, Rs. 46899
HTC One E8, Rs. 50000
HTC One Mini 2, Rs. 26999
GRight Inspire A380 Mini, Rs. 12500
GRight V888, Rs. 2200
GRight V666, Rs. 2050
GRight Inspire A380, Rs. 14500
GRight G555, Rs. 1750
GFive President G10 Fashion, Rs. 8499
LG G Pro 2, Rs. 41500
GFive Bravo A2, Rs. 4300
GFive President G10 Octa Core, Rs. 6999
GFive President A97, Rs. 6499
GFive President G10, Rs. 15900
HTC Desire 610, Rs. 33000
QMobile Tablet QTab Q300, Rs. 11500
Club A72, Rs. 2100
GFive President G6, Rs. 8500
GFive President G7, Rs. 6999
Club A52, Rs. 2100
Club A80, Rs. 2100
LG G Flex, Rs. 26500
LG G2, Rs. 19850
LG Nexus 5, Rs. 32000
Nokia 106, Rs. 2925
Nokia 108, Rs. 3600
Apple iphone 5S 16GB, Rs. 25799
LG Optimus L5 II, Rs. 17000
HTC Desire 600, Rs. 30000
HTC One Mini, Rs. 27499
GFive President G9, Rs. 7999
QMobile E4, Rs. 2449
LG Optimus Vu P895, Rs. 28000
LG Prada 3.0, Rs. 24500
LG Optimus 3D Max P720, Rs. 30000
LG Optimus 4X HD P880, Rs. 27900
LG Nexus 4, Rs. 33000
GFive A78 Ferrari, Rs. 6500
GFive Beam A68 Plus, Rs. 5500
GFive Luminous E660, Rs. 5990
GFive G Haptic Plus A77, Rs. 4900
GFive Blade F500, Rs. 5400
GFive Blade X F600, Rs. 6600
GFive Glory A86, Rs. 9900
LG P705 Optimus L7, Rs. 13999
GFive Bravo G95, Rs. 7500
GFive A79, Rs. 7000
GFive Eshare A68, Rs. 5500
GFive Fanse A57, Rs. 4500
LG E400 Optimus L3, Rs. 14600
Megagate Swipe T410, Rs. 2600
Megagate 4210 Movie Maker, Rs. 2100
Megagate MAXIMUS W750, Rs. 8900
Megagate W710 Wi Fii, Rs. 4300
Megagate 5210 Rockstar, Rs. 3300
Megagate 6610 BlockBuster, Rs. 4150
Megagate 2210 Movie, Rs. 1300
Megagate T610 Titan, Rs. 4000
Megagate K510 Trackpad, Rs. 3950
Megagate K310 Messenger, Rs. 3250
Megagate 5810 Sound Blaster, Rs. 4100
Megagate 5510 Opel, Rs. 2950
Megagate 4410 Play, Rs. 2500
Megagate 3310 Max, Rs. 2000
LG GX300, Rs. 9000
Sony Ericsson K330, Rs. 5100
LG Optimus L7 II, Rs. 16949
LG Optimus G, Rs. 52800
LG W41, Expected Price
Rs. 29999
LG W41 Plus, Expected Price
Rs. 34999
LG W41 Pro, Expected Price
Rs. 37999
LG Stylo 7, Coming Soon
LG Q63, Coming Soon
LG Q52, Coming Soon
